"Year","PgCO2_per_year_to_atmos_global_all_depths","Argentina","Canada","China","Denmark","France","Germany","Greenland","Iceland","India","Indonesia","Ireland","Italy","Japan","Malaysia","Morocco","Netherlands","Norway","Philippines","Russia","South Korea","Sweden","United Kingdom","United States","Vietnam"
1,0.990646213354234,0.00235867127104366,0.00233592496010362,0.605054710908628,0.030140439090928,0.0183907842445774,0.0131847054920227,0,0.00417922479558344,0.00202093021108922,1.56328915093033e-08,0.00796369696954761,0.0571079867778406,0.00156157397614462,0.00852104466293329,0.00106129572013772,0.030063303771537,0.0104922960122679,0,0.0148002510771155,0.00254346146997747,0.0128757479287834,0.0362822182855726,0.0181754717562981,0.000566233668780199
2,1.07228275600518,0.00250199000727168,0.0034266835032529,0.640030529983327,0.032043349256145,0.0215190669316201,0.0131914252681357,0,0.00516874224293822,0.00238686922277758,1.61192731345143e-08,0.00957633601078244,0.0580604810421283,0.00357131921226106,0.00889040118610826,0.00196568646996971,0.0300684935347383,0.0139018005498835,0,0.0182713974884382,0.00415801947182702,0.0137666838883015,0.039595946832109,0.0203709883865607,0.000598363994403246
3,1.12870381394699,0.002563751167024,0.00420262786033909,0.668226268945398,0.032713296090233,0.0234260465092098,0.0131918207084234,0,0.0055676466916116,0.00249221283079774,1.63926102444104e-08,0.0104499174577935,0.0587036150542317,0.00569851444507589,0.00900480751557981,0.00256142887996063,0.0300685599103214,0.0159303393835285,0,0.0203070361804114,0.0057666251170195,0.0139587881903419,0.0409516645098695,0.0221644894032627,0.000630984455468457
4,1.17108559140682,0.00260286117775116,0.00478795869815958,0.690538604036806,0.0330668470084711,0.0247186365625462,0.0131919093497582,0,0.0057760724956599,0.00253442358055788,1.65860535358416e-08,0.0109773422231235,0.0592243994002334,0.00760444525994677,0.00905014925759683,0.00294998558580623,0.0300685580502034,0.0172518403736018,0,0.0217139020456262,0.00715076544839633,0.0140059760434631,0.0417466388549071,0.0235423711124947,0.000662765900376708
5,1.20354218435849,0.00263083493636648,0.00523821480778533,0.707849129369929,0.0333063872514505,0.0256612294037957,0.0131919293995906,0,0.00591429660928295,0.0025587093993293,1.67197175247559e-08,0.0113008115987235,0.0596644454011352,0.00917975868256474,0.00907111507791776,0.00322063095438169,0.0300685518298014,0.0181270880602124,0,0.0228113661163487,0.00826645998686498,0.0140187531684657,0.0422816152708004,0.0245820044930636,0.000692622777838224
6,1.22866912762631,0.0026523970672819,0.00559032339215821,0.721146810578538,0.0334923345713605,0.026390615409106,0.0131919338493841,0,0.00602286254611556,0.00257629356552473,1.68117711465934e-08,0.0115015406287143,0.0600404540102664,0.0104269538886186,0.00908206513677288,0.0034261367747961,0.0300685475640894,0.0187157050671378,0,0.02372897534432,0.00913785428567523,0.0140224441911535,0.042664837345696,0.025369039010077,0.00072011892546445
7,1.24832234419055,0.00266988609313888,0.00587043875662638,0.73131447848327,0.0336470357770849,0.026978506404389,0.0131919348167779,0,0.00611647575514058,0.0025904569232477,1.68756400843803e-08,0.0116285336090966,0.0603675656136308,0.01139057799795,0.0090883072717687,0.00359485096856931,0.030068545014548,0.0191205203440187,0,0.0245285864776507,0.009807129148822,0.0140234892979881,0.0429494722541152,0.025972539704674,0.000745067122494504
8,1.26386129023368,0.0026845401171996,0.00609735515212739,0.739078272530469,0.0337795925741773,0.0274627586268359,0.0131919350276561,0,0.00620096242834141,0.00260244467473808,1.69205851442995e-08,0.0117110922546126,0.0606508917256579,0.0121244580173821,0.00909207302125363,0.00374133891736452,0.0300685435165456,0.0194067101850044,0,0.025247749065635,0.0103161529930283,0.0140237093846698,0.0431663220352156,0.026443082357287,0.000767412727172501
9,1.27630367605185,0.00269703400274848,0.00628499859750288,0.745013794641879,0.0338949779796246,0.0278645768275224,0.0131919350797321,0,0.00627877089804118,0.00261286351633927,1.69527924790681e-08,0.0117665898347596,0.0608974234944269,0.0126785384822607,0.00909442766475741,0.00387291771838692,0.030068542629433,0.0196152498632235,0,0.025913017460193,0.010701000331295,0.0140236710493091,0.0433347737610335,0.026819998229724,0.000787202471100955
10,1.28640475939181,0.00270778879029248,0.00644325872165752,0.749567206329734,0.0339961486115514,0.0281976450951398,0.0131919350993824,0,0.00635095060921895,0.00262206046732374,1.69763297169484e-08,0.0118053198892876,0.0611132311340223,0.0130947306405813,0.00909593633438659,0.00399328625016803,0.03006854209884,0.0197722183664056,0,0.0265442351061772,0.0109910034617432,0.0140235620984221,0.0434676360402097,0.0271282252256539,0.000804564534276062
11,1.29472549337278,0.00271712558327255,0.00657846413989189,0.753078907727968,0.0340850979360008,0.0284724930142081,0.0131919351117928,0,0.00641793762793199,0.00263025775422146,1.6993865185894e-08,0.0118334181613091,0.0613035320034889,0.0134065007444478,0.00909692166049063,0.00410440957001953,0.0300685417794957,0.0198944792290587,0,0.027156325234404,0.0112092795401496,0.014023445396756,0.0435737002907298,0.0273865029642491,0.000819684663075746
12,1.30168458380718,0.00272530512564852,0.00669572277468251,0.755805699720647,0.0341633288241375,0.0286982487387114,0.0131919351215291,0,0.00647991618560587,0.00263761082363607,1.70071639117144e-08,0.0118545842132528,0.0614727635519745,0.0136398298146572,0.00909757645156569,0.0042074498606185,0.0300685415869335,0.0199930742933116,0,0.0277604295941471,0.0113736800577911,0.0140233403512423,0.043659216739407,0.0276080168043844,0.000832781145673814
13,1.30759466898869,0.00273253996408067,0.00679874567452793,0.757939888483394,0.0342321366123235,0.0288831386359678,0.013191935129391,0,0.00653700376364916,0.00264423629603404,1.70174114216956e-08,0.0118710852468669,0.0616246500051472,0.0138145390949561,0.00909801920784995,0.00430321000141127,0.0300685414710789,0.0200753089646326,0,0.0283648021820599,0.0114977904711447,0.0140232511171498,0.0437287755350196,0.0278019476831112,0.000844083269175702
14,1.31268985742779,0.00273900622823074,0.0068903428083584,0.759624909481906,0.034292692161858,0.0290345075746679,0.0131919351356589,0,0.00658934470709726,0.002650226432482,1.70254192596545e-08,0.0118843399131076,0.0617622695701848,0.0139455789456012,0.00909832411842456,0.00439233119477007,0.0300685414018293,0.0201458796013468,0,0.028975519881659,0.0115918402202151,0.0140231767684068,0.0437858393236739,0.0279746474777274,0.000853815513254075
15,1.31714670495737,0.00274484849854191,0.00697263346815,0.76096763250201,0.0343460739428021,0.0291587393638977,0.0131919351405954,0,0.00663714844101427,0.00265565705954284,1.70317543543606e-08,0.0118952586515296,0.0618881259121717,0.0140441399160155,0.00909853827835577,0.00447538431557031,0.0300685413609282,0.0202080357123951,0,0.0295970201001739,0.0116634738845476,0.0140231149864479,0.0438330702642421,0.0281305000393376,0.000862187540822484
16,1.32109898459229,0.00275017957393242,0.00704688387522546,0.762047789452905,0.0343932700640221,0.0292612226184878,0.0131919351444625,0,0.00668069355576729,0.00266059214402951,1.703682080528e-08,0.0119044431681023,0.0620042246123449,0.0141185555586618,0.00909869193520266,0.0045529003493089,0.0300685413372507,0.0202640082025679,0,0.0302324839377038,0.0117183757370046,0.014023063352233,0.0438725378656246,0.0282725403642787,0.000869388919906232
17,1.32464928329193,0.00275508915627435,0.00711424624711297,0.762925056666074,0.0344351712739142,0.0293463903307411,0.0131919351474936,0,0.00672031310344555,0.00266508658342647,1.70409121683109e-08,0.0119123042196437,0.0621121518988654,0.0141750113122414,0.00909880472432048,0.00462537851292477,0.0300685413239995,0.0203153357238838,0,0.0308840946906656,0.0117607598866607,0.0140230197496217,0.0439058586463218,0.0284028917181002,0.000875587217407282
18,1.32787678033027,0.00275964735083606,0.00717564211886727,0.763644304857719,0.0344725652169041,0.029417815098701,0.013191935149879,0,0.00675637225480911,0.0026691880184011,1.70442453890267e-08,0.0119191317967022,0.0622131512620525,0.0142180891354222,0.00909888952209478,0.00469328531083547,0.0300685413170191,0.0203630958585964,0,0.0315532055811464,0.0117937464070935,0.0140229824469771,0.0439342962709953,0.0285230689344531,0.000880928245534963
19,1.33084328980961,0.00276390854734716,0.00723182160395172,0.764239459847032,0.0345061356667507,0.0294783326414852,0.0131919351517669,0,0.0067892456508104,0.00267293809391866,1.70469832202289e-08,0.0119251374150148,0.0623081938120188,0.0142511799347523,0.00909895485666287,0.00475705151115235,0.030068541313773,0.0204080571810519,0,0.0322404484380248,0.011819645433021,0.0140229500700539,0.0439588374723617,0.0286341854490277,0.000885537531313378
20,1.3335969330053,0.00276791519625541,0.00728340858014966,0.764736331302858,0.0345364669208653,0.0295301704663508,0.0131919351532695,0,0.0068192985060424,0.00267637339641303,1.70492493306037e-08,0.0119304799717479,0.0623985106495807,0.0142767928248237,0.00909900643268356,0.00481706997338882,0.0300685413127141,0.0204507789693499,0,0.0329458092760232,0.0118401694060756,0.0140229215450347,0.0439802516836753,0.0287370924012327,0.000889522370733602
21,1.33617649035784,0.00277170087037613,0.00733093078317707,0.765154684752998,0.0345640520262085,0.029575067366618,0.0131919351544709,0,0.00684687305812844,0.00267952618860785,1.70511387075056e-08,0.0119352818607094,0.0624852083951189,0.0142967855083432,0.00909904810544563,0.0048736952091178,0.0300685413129082,0.0204916763105502,0,0.0336686899090536,0.0118565904786813,0.0140228960398002,0.0439991385568069,0.0288324705725727,0.000892974064471113
22,1.33861060937242,0.00277529280008145,0.00737484027683292,0.765509762479624,0.0345893031704152,0.0296143769382178,0.0131919351554344,0,0.00687228036599338,0.00268242500776722,1.70527249755864e-08,0.0119396392732216,0.0625677462724814,0.0143125349765647,0.00909908250893915,0.00492724460515509,0.0300685413137902,0.0205310625062979,0,0.0344079661551935,0.011869856685421,0.0140228729124467,0.04401596585787,0.0289208900913607,0.000895970101429946
23,1.34092145311299,0.00277871429981545,0.00741555888741739,0.765813403896821,0.0346125627993728,0.029649153138781,0.0131919351562072,0,0.00689579661380404,0.00268509880324517,1.70540656511959e-08,0.0119436289922236,0.0626465195208015,0.0143250638314867,0.00909911146421894,0.00497800081793746,0.0300685413150247,0.0205691767816045,0,0.0351620517962989,0.0118806774169185,0.0140228516690262,0.0440310994254097,0.0290028484374916,0.00089857616890145
24,1.34312684582514,0.00278198105497919,0.00745346487482186,0.766074874471196,0.0346341144368483,0.0296802187076037,0.0131919351568259,0,0.00691766276742639,0.00268759650596449,1.70552059828466e-08,0.0119473130362707,0.0627218581761823,0.0143351333760959,0.00909913624694351,0.00502621490488902,0.0300685413164154,0.0206062026317882,0,0.035928967727271,0.0118895861819191,0.0140228319299763,0.0440448265869822,0.0290787940650575,0.000900847938129802
25,1.34524051039715,0.00278510756205928,0.00748878101639199,0.76630148180314,0.0346541925875734,0.0297082187051547,0.013191935157319,0,0.00693808644908452,0.00268990676563615,1.70561818002129e-08,0.0119507419519711,0.0627940440187224,0.0143433121746683,0.0090991577638704,0.00507210968866192,0.0300685413178489,0.0206422803063963,0,0.0367064166354136,0.0118969866330705,0.0140228134039403,0.0440573743948177,0.0291491406604222,0.000902832614833225
26,1.34727367209689,0.00278810601645434,0.00752176927140954,0.766499035572967,0.0346729914247557,0.0297336619095613,0.0131919351577087,0,0.00695724507931201,0.00269204758721993,1.70570216525974e-08,0.0119539572273603,0.0628633225503354,0.0143500264947358,0.00909917667004748,0.00511588306931385,0.0300685413192631,0.0206775156722055,0,0.0374918608964593,0.0119031862937114,0.0140227958675554,0.044068923564678,0.0292142755398655,0.000904570266074764
27,1.34923504674921,0.00279098696571849,0.00755266054371112,0.766672192404302,0.0346906721824776,0.0297569524304664,0.013191935158013,0,0.00697528957273487,0.00269403509611121,1.70577484285948e-08,0.0119569931097248,0.0629299112847613,0.0143555974603946,0.00909919344711503,0.00515771109402555,0.0300685413206248,0.0207119868507507,0,0.038282601370969,0.0119084212660977,0.0140227791499248,0.0440796191290544,0.0292745642891752,0.000906094945127502
28,1.35113037190538,0.00279376055114794,0.00758165898989351,0.766824715533317,0.0347073693073573,0.0297784137678196,0.0131919351582463,0,0.00699234810206351,0.00269588376126664,1.70583805912786e-08,0.0119598780026284,0.0629940054003407,0.0143602681359213,0.00909920845595515,0.00519775069116198,0.0300685413219189,0.0207457494691411,0,0.0390758511828611,0.0119128743393839,0.0140227631206957,0.0440895785342537,0.0293303524527827,0.000907435639498755
29,1.35296557216601,0.00279643308468236,0.00760894553016646,0.76695967117318,0.034723195494668,0.0297983070681066,0.0131919351584207,0,0.00700852963337427,0.00269760658755506,1.70589331252815e-08,0.0119626355544289,0.0630557815730813,0.0143642236924239,0.00909922197232943,0.00523614204514416,0.0300685413231396,0.0207788410081975,0,0.0398688071481621,0.0119166882759419,0.0140227476808815,0.0440988977838507,0.0293819676318495,0.000908617067139339
30,1.35474338313775,0.00279901110297209,0.00763468081606495,0.767079577688582,0.034738245762913,0.0298168449725618,0.0131919351585459,0,0.00702392707710604,0.0026992152820237,1.70594182662892e-08,0.011965285514293,0.0631154005979038,0.0143676061162564,0.00909923421117727,0.00527301063031341,0.0300685413242872,0.0208112845146006,0,0.0406587124150089,0.0119199755809367,0.0140227327557623,0.0441076560980613,0.0294297194075953,0.000909660343926038
31,1.3564667306105,0.0028015005073848,0.00765900774170083,0.767186519495547,0.0347526007240585,0.0298342021350764,0.0131919351586305,0,0.00703861999644414,0.00270072039805344,1.70598460653208e-08,0.0119678444099827,0.0631730092318611,0.0143705250547669,0.0090992453433174,0.00530846894317379,0.0300685413253643,0.0208430918171945,0,0.0414429107013251,0.0119228257098696,0.0140227182893607,0.0441159193979684,0.0294738996172325,0.000910583542838929
32,1.35813849740836,0.00280390655362506,0.00768205358293835,0.7672822345209,0.0347663291956597,0.0298505232315023,0.0131919351586813,0,0.00705267687609541,0.00270213146075795,1.70602248270914e-08,0.0119703260879133,0.0632287415562723,0.014373065821445,0.00909925550703412,0.0053426179796293,0.0300685413263749,0.0208742663187342,0,0.0422188912374609,0.0119253104104143,0.0140227042401154,0.0441237430762583,0.029514782666186,0.000911402162445337
33,1.35976107566887,0.00280623399844224,0.00770393183461586,0.767368181784855,0.0347794902835017,0.0298659290818323,0.0131919351587045,0,0.00706615698898783,0.00270345707851893,1.70605614521282e-08,0.0119727421465703,0.0632827200525877,0.014375295317078,0.00909926481619806,0.00537554850263244,0.0300685413273223,0.0209048054007171,0,0.0429843241821741,0.0119274877048264,0.0140226905774769,0.0441311740445644,0.0295526256407695,0.000912129519642741
34,1.36133499462713,0.00280848828149694,0.00772474379799367,0.767445593989558,0.0347921350436472,0.0298805213531411,0.0131919351587053,0,0.0070791119144703,0.00270470503474968,1.70608617051203e-08,0.0119751022874866,0.0633350565136515,0.0143772664240617,0.00909927336602562,0.00540734214017044,0.0300685413282116,0.0209347024654682,0,0.0437370867759245,0.0119294048799925,0.0140226772792181,0.0441382523283765,0.0295876686135192,0.000912777079231871
35,1.3628615421193,0.00281067291780749,0.00774457996281927,0.767515518749078,0.0348043078134718,0.0298943861944649,0.0131919351586876,0,0.0070915867657184,0.00270588237372079,1.70611304265646e-08,0.0119774146026121,0.0633858528618511,0.0143790212809223,0.00909928123721819,0.00543807234646363,0.030068541329047,0.0209639486368787,0,0.0444752808387083,0.011931100750651,0.0140226643293068,0.0441450123234638,0.0296201350696406,0.000913354730826297
36,1.36434185768621,0.00281279063422549,0.00776352121844463,0.76757885117072,0.0348160472838246,0.0299075970667654,0.0131919351586554,0,0.007103621181204,0.00270699547647405,1.70613717006673e-08,0.0119796858126394,0.0634352019127638,0.0143805937341175,0.00909928849897849,0.0054678052522506,0.0300685413298316,0.0209925341431935,0,0.0451972424602651,0.0119326073876826,0.0140226517162267,0.0441514837567282,0.0296502324489999,0.000913871021848474
37,1.36577699095101,0.00281484453435467,0.00778163992146812,0.767636359812924,0.0348273873693566,0.0299202169648521,0.0131919351586117,0,0.00711525012865282,0.00270805012588886,1.70615889893511e-08,0.0119819214673977,0.063483188102427,0.0143820111838228,0.00909929521124392,0.00549660042389575,0.0300685413305685,0.0210204494087752,0,0.0459015448782941,0.0119339514501706,0.0140226394316595,0.0441576924825472,0.0296781527870144,0.000914333353884939
38,1.36716793974248,0.00281683755080346,0.00779900084168065,0.767688707534807,0.0348383579214851,0.0299323001783471,0.013191935158559,0,0.00712650456211064,0.00270905156525987,1.70617852398679e-08,0.011984126116687,0.0635298881844676,0.0143832959818083,0.00909930142636767,0.00552451154606641,0.0300685413312616,0.0210476858849153,0,0.0465869956438574,0.0119351552216804,0.0140226274694575,0.0441636611024141,0.0297040734330464,0.000914748148440323
39,1.36851568303175,0.00281877254050313,0.00781566200359248,0.767736468376637,0.034848985318267,0.0299438937014845,0.0131919351585,0,0.00713741196491982,0.0027100045505083,1.70619629717338e-08,0.0119863034577525,0.0635753718971101,0.0143844664968913,0.00909930719040411,0.00555158703889363,0.0300685413319125,0.0210742366518437,0,0.0472526289731957,0.0119362374237744,0.0140226158248514,0.0441694094716908,0.0297281578260538,0.000915120987104856
40,1.36982120213559,0.00282065191670679,0.00783167543730565,0.767780141331189,0.03485929295733,0.029955038373645,0.0131919351584362,0,0.00714799680430109,0.00271091339684955,1.70621243473659e-08,0.0119884564639416,0.0636197025973326,0.0143855379324502,0.00909931254410939,0.00557787061770288,0.0300685413325239,0.0211000968247176,0,0.0478976946459122,0.0119372138601485,0.0140226044938539,0.0441749551150035,0.0297505563279033,0.000915456730299665
41,1.37108548969199,0.00282247793612993,0.00784708784979546,0.767820161659805,0.0348693016717606,0.0299657698117293,0.0131919351583694,0,0.0071582809171782,0.00271178202061328,1.70622712297845e-08,0.0119905874978367,0.0636629378589317,0.0143865229580103,0.00909931752373303,0.00560340180139205,0.0300685413330983,0.0211252637957831,0,0.0485216440735614,0.0119380979306892,0.0140225934728164,0.0441803135697323,0.0297714069650684,0.000915759618060473
42,1.37230955013391,0.00282425276909767,0.0078619412256115,0.767856910252446,0.0348790300839788,0.0299761191800542,0.0131919351583009,0,0.00716828384195856,0.00271261397680458,1.70624052299864e-08,0.0119926984112383,0.063705130031671,0.0143874322005583,0.00909932216165361,0.00562821637414836,0.0300685413336374,0.0211497373431687,0,0.0491241145387125,0.0119389010446683,0.0140225827581114,0.0441854986723516,0.0297908363660926,0.000916033355737327
43,1.37349441473011,0.00282597845327648,0.00787627336446822,0.767890721417482,0.0348884949090213,0.0299861138319996,0.0131919351582319,0,0.0071780231071145,0.00271341249290792,1.70625277460137e-08,0.0119947906337263,0.0637463267597922,0.0143882746293605,0.00909932648689655,0.00565234680426905,0.0300685413341442,0.0211735196342917,0,0.049704912314073,0.0119396329549952,0.0140225723459152,0.0441905227988552,0.0298089604759326,0.000916281187006088
44,1.37464113825139,0.00282765691083946,0.00789011836204577,0.767921889400857,0.0348977112159426,0.0299957778492152,0.0131919351581631,0,0.00718751448449115,0.00271418049936385,1.70626399953097e-08,0.011996865251081,0.0637865714592001,0.0143890578594081,0.0090993305255627,0.00567582262325042,0.0300685413346192,0.021196615148859,0,0.050263995279137,0.0119403020301617,0.0140225622320682,0.0441953970678923,0.0298258853698117,0.000916505956188124
45,1.37575079604764,0.00282928996336411,0.00790350703945152,0.767950673869522,0.0349066926540366,0.0300051324979951,0.0131919351580956,0,0.00719677221310578,0.00271492065708665,1.70627430416166e-08,0.0119989230745326,0.0638259037537346,0.0143897883922687,0.00909933430118597,0.0056986707679275,0.0300685413350647,0.0212190305431927,0,0.0508014555405628,0.0119409154766312,0.014022552411996,0.0442001315132628,0.0298417080465188,0.000916710161544468
46,1.37682448032036,0.00283087934768573,0.00791646732615087,0.767977304544985,0.0349154516491023,0.0300141966178183,0.0131919351580297,0,0.00720580919765271,0.00271563538234351,1.70628378174153e-08,0.0120009647016313,0.0638643598717585,0.0143904718084877,0.00909933783503583,0.00572091588821617,0.0300685413354823,0.0212407744743098,0,0.0513175024563853,0.0119414795215558,0.0140225428806756,0.0442047352310288,0.0298565171316824,0.000916896000936829
47,1.37786329600532,0.00283242672909263,0.00792902461535018,0.768001985135732,0.0349239995739298,0.0300229869537396,0.0131919351579661,0,0.0072146371848576,0.00271632686927239,1.70629251427085e-08,0.0120029905693932,0.0639019730049593,0.0143911129222352,0.00909934114637527,0.00574258062286342,0.0300685413358737,0.0212618573989819,0,0.0518124463684506,0.0119419995635537,0.0140225336326351,0.044209216505419,0.0298703935624396,0.000917065411021058
48,1.37886835584379,0.00283393367133896,0.00794120202661843,0.768024896687679,0.0349323468963581,0.0300315184417617,0.0131919351579053,0,0.00722326692008066,0.00271699711028158,1.70630057407929e-08,0.0120050010003223,0.0639387736316399,0.0143917159063713,0.0090993442526825,0.00576368584552356,0.0300685413362402,0.0212822913600416,0,0.052286683263333,0.0119424802976434,0.0140225246619778,0.0442135829168932,0.0298834112318281,0.000917220100950259
49,1.37984077487659,0.00283540169035226,0.00795302070437865,0.768046200448837,0.0349405033077025,0.030039804454528,0.0131919351578474,0,0.00723170828608675,0.00271764791454505,1.7063080251544e-08,0.0120069962418461,0.063974789807128,0.0143922843941812,0.00909934716984337,0.00578425088341149,0.030068541336583,0.0213020897695461,0,0.0527406805100728,0.0119429258191746,0.0140225159624205,0.0442178414350673,0.0298956375902598,0.000917361581408284
50,1.38078167833195,0.00283683224157971,0.00796451388860224,0.768066040327673,0.0349484778338978,0.0300478570132067,0.0131919351577925,0,0.00723997042557518,0.00271828092478127,1.70631492426412e-08,0.0120089764997075,0.0640100474239119,0.0143928215626126,0.00909934991231786,0.00580429371073033,0.0300685413369035,0.0213212671960236,0,0.0531749637631455,0.0119433397106257,0.0140225075273433,0.0442219984987816,0.0299071342052559,0.000917491189664363
51,1.38169216183834,0.00283822672368357,0.0079756894081049,0.768084545008893,0.0349562789313739,0.030055686970453,0.0131919351577411,0,0.00724806184886406,0.00271889763248354,1.70632132190801e-08,0.0120109419658062,0.0640445704442322,0.0143933302007659,0.00909935249328766,0.0058238311190084,0.030068541337203,0.0213398391610782,0,0.053590105070649,0.0119437251143743,0.014022499349843,0.0442260600851289,0.0299179572798828,0.000917610111230712
52,1.38257331496814,0.00283958648144395,0.00798655950236898,0.768101829780952,0.0349639145694251,0.030063304168457,0.0131919351576932,0,0.00725599052798289,0.00271949939175012,1.70632726312587e-08,0.0120128928410086,0.0640783811077013,0.0143938127665588,0.00909935492478454,0.00584287886641724,0.0300685413374833,0.021357821948934,0,0.053986712189353,0.0119440847939419,0.0140224914227881,0.0442300317689768,0.0299281581311404,0.00091771939861518
53,1.38342621760251,0.00284091280805042,0.0079971395134275,0.768117998117569,0.03497139230062,0.030070717575469,0.0131919351576489,0,0.0072637639783474,0.00272008743184767,1.70633278818737e-08,0.0120148293533949,0.064111500116399,0.0143942714338648,0.00909935721780421,0.00586145180805964,0.0300685413377444,0.0213752324311688,0,0.0543654190789477,0.011944421185728,0.0140224837388732,0.0442339187743242,0.0299377836299441,0.000917819987584619
54,1.38425193072739,0.00284220694695798,0.00800744372648794,0.768133143052123,0.0349787193206481,0.0300779354036939,0.0131919351576082,0,0.00727138932911671,0.00272066286862707,1.70633793318183e-08,0.0120167517724312,0.0641439467997627,0.0143947081319273,0.00909935938240754,0.00587956400912644,0.0300685413379887,0.0213920879078145,0,0.0547268775266031,0.0119447364428808,0.0140224762906709,0.044237726018509,0.0299468766046046,0.000917912711291892
55,1.38505149004418,0.00284347009345129,0.00801748549117087,0.768147348373145,0.0349859025188268,0.0300849652110026,0.0131919351575711,0,0.00727887338328884,0.00272122671489858,1.70634273052442e-08,0.0120186604195144,0.0641757392613293,0.0143951245784843,0.00909936142780998,0.0058972288427207,0.0300685413382159,0.0214084059651851,0,0.0550717498376811,0.0119450324726271,0.0140224690706785,0.0442414581502483,0.0299554762099011,0.000917998312565886
56,1.38582591867847,0.00284470339602743,0.00802727732664046,0.76816068966826,0.0349929574867032,0.0300918139885852,0.0131919351575377,0,0.00728622266853571,0.00272177988986331,1.70634720939184e-08,0.0120205556753331,0.0642068945093301,0.0143955223077428,0.00909936336246137,0.00591445907403306,0.0300685413384276,0.0214242043501694,0,0.0554007025189987,0.0119453109681536,0.0140224620713612,0.044245119582267,0.0299636182639209,0.000918077454619642
57,1.38657622800679,0.00284590795767793,0.00803683101251637,0.768173235236846,0.0349999117289686,0.0300984882363881,0.0131919351575079,0,0.00729344347973557,0.0027223232276874,1.7063513960985e-08,0.0120224379844495,0.0642374285727677,0.0143959029959544,0.00909936519411823,0.00593126693243766,0.0300685413386247,0.0214395008603462,0,0.0557144031341017,0.0119455734359172,0.0140224552851905,0.0442487145192185,0.0299713355548748,0.000918150730393721
58,1.3873033495031,0.0028470848371267,0.00804615766728199,0.768185046890518,0.0350067406309064,0.0301049940279399,0.0131919351574816,0,0.00730054191410885,0.00272285748529832,1.70635531442242e-08,0.0120243078574981,0.0642673566046398,0.0143962681815119,0.00909936692990652,0.00594766417295558,0.0300685413388076,0.0214543132489139,0,0.0560135138262599,0.0119458212191173,0.014022448704677,0.0442522469814568,0.0299786581200815,0.000918218670720345
59,1.38800823938782,0.00284823505005971,0.00805526781574892,0.768196180655833,0.0350134502411822,0.0301113370659334,0.0131919351574587,0,0.00730752389981193,0.00272338334947363,1.70635898588835e-08,0.0120261658713592,0.0642966929736279,0.0143966211737274,0.00909936857637984,0.00596366212841098,0.0300685413389774,0.0214686591433188,0,0.0562987081546706,0.0119460555179231,0.0140224423223988,0.0442557208252158,0.0299856134993001,0.000918281751467307
60,1.38869177143267,0.00284935957036813,0.00806417144697571,0.768206687393056,0.0350200464495128,0.03011752272981,0.0131919351574394,0,0.00731439521878969,0.00272390144328751,1.7063624300145e-08,0.0120280126676412,0.0643254513455138,0.0143969607914896,0.00909937013957086,0.00597927175348237,0.0300685413391349,0.021482555976348,0,0.0565705990673473,0.0119462774069563,0.0140224361310263,0.0442591397596222,0.0299922269644328,0.000918340399797353
61,1.38935481247973,0.0028504593314139,0.00807287806390466,0.768216613341547,0.0350265350012839,0.0301235561163861,0.0131919351574233,0,0.00732116152462794,0.00272441233197268,1.70636566452817e-08,0.0120298489497776,0.0643536447554904,0.014397287556504,0.00909937162503745,0.00599450366173809,0.0300685413392804,0.0214960209284121,0,0.0568298063019815,0.01194648785043,0.0140224301233422,0.0442625073609494,0.0299985217276018,0.000918394999660043
62,1.38999820103485,0.00285153522732084,0.00808139672583576,0.768226000601513,0.0350329215086874,0.0301294420744668,0.0131919351574106,0,0.00732782835609788,0.00272491652825126,1.7063687055548e-08,0.0120316754790127,0.0643812856722696,0.0143976022910225,0.0090993730379044,0.00600936815662591,0.0300685413394149,0.0215090708798413,0,0.0570769344451913,0.0119466877152917,0.0140224242922574,0.0442658270844702,0.0300045191295265,0.000918445896616378
63,1.3906227439311,0.00285258811428602,0.00808973608474121,0.768234887559969,0.0350392114589455,0.0301351852342558,0.0131919351574009,0,0.00733440114701542,0.0027254144971826,1.70637156778399e-08,0.012033493069529,0.0644083860549372,0.01439790574595,0.0090993743829016,0.00602387525728682,0.0300685413395384,0.0215217223719523,0,0.0573125692291744,0.0119468777826579,0.0140224186308244,0.0442691022742416,0.0300102388098537,0.000918493402082666
64,1.39122921705022,0.00285361881190613,0.00809790441630128,0.768243309268531,0.0350454102200796,0.0301407900322693,0.0131919351573944,0,0.00734088523299344,0.00272590666057129,1.70637426461599e-08,0.0120353025829311,0.0644349574033164,0.0143981986063514,0.00909937566439805,0.0060380347199579,0.0300685413396523,0.0215339915758621,0,0.0575372763692247,0.0119470587577734,0.0140224131322486,0.0442723361710861,0.0300156988611731,0.000918537797068188
65,1.3918183667126,0.00285462810451107,0.0081059096464412,0.768251297778256,0.0350515230446671,0.03014626073239,0.013191935157391,0,0.00734728585559993,0.0027263934009756,1.7063768082909e-08,0.0120371049222874,0.064461010802519,0.0143984817059077,0.00909937688643208,0.00605185605564133,0.0300685413397559,0.0215458942680024,0,0.0577516014038967,0.0119472312787082,0.0140224077898959,0.0442755319190333,0.0300209159681806,0.000918579335471041
66,1.39239090736887,0.0028556167424964,0.00811375937404959,0.768258882437219,0.0350575550719706,0.0301516014436006,0.0131919351573905,0,0.00735360816438982,0.00272687506535203,1.70637921000328e-08,0.0120389010258935,0.0644865569623614,0.0143987554707557,0.00909937805274017,0.00606534854462832,0.0300685413398509,0.0215574458114388,0,0.0579560674340152,0.011947395923957,0.0140224025972976,0.0442786925704527,0.0300259055334297,0.000918618246987867
67,1.39294752333157,0.00285658544364677,0.0081214608904754,0.768266090155643,0.0350635113287577,0.0301568161348621,0.0131919351573929,0,0.007359857217219,0.00272735196836892,1.70638148000375e-08,0.0120406918609054,0.064511606252159,0.0143990203842404,0.00909937916678168,0.00607852124839474,0.0300685413399367,0.0215686611421885,0,0.0581511763009593,0.0119475532190953,0.0140223975481557,0.044281821090082,0.0300306817909392,0.00091865473968574
68,1.39348887089643,0.00285753489444405,0.00812902119631384,0.768272945641411,0.0350693967291083,0.0301619086475749,0.013191935157398,0,0.00736603797920778,0.00272782439541875,1.70638362768938e-08,0.0120424784169704,0.0645361687314025,0.0143992769322113,0.00909938023176219,0.0060913830193116,0.0300685413400141,0.0215795547598087,0,0.0583374083618516,0.0119477036426124,0.0140223926363454,0.0442849203581212,0.0300352579088511,0.000918689002278019
69,1.39401557769029,0.00285846575135453,0.00813644701593408,0.768279471610924,0.0350752160734738,0.0301668827059644,0.0131919351574059,0,0.00737215532067187,0.0027282926053564,1.70638566168438e-08,0.012044261699954,0.0645602541768,0.0143995255630153,0.00909938125065412,0.00610394250855718,0.0300685413400834,0.0215901407216177,0,0.0585152224941897,0.0119478476310309,0.0140223878559156,0.0442879931725688,0.0300396460822004,0.00091872120614063
70,1.39452824542294,0.00285937864208926,0.00814374481012289,0.768285688977008,0.0350809740471767,0.0301717419257183,0.0131919351574164,0,0.00737821401429797,0.00272875683298778,1.70638758991199e-08,0.0120460427258496,0.0645838721060459,0.0143997666912712,0.00909938222621604,0.00611620817255643,0.0300685413401451,0.0216004326400026,0,0.0586850563843771,0.0119479855834096,0.0140223832010906,0.0442910422509339,0.0300438576167833,0.000918751507100194
71,1.39502744697436,0.00286027416683618,0.00815092078717699,0.768291617016891,0.0350866752185625,0.030176489821146,0.0131919351574295,0,0.00738421873179946,0.00272921729133144,1.70638941965897e-08,0.012047822514948,0.0646070317986931,0.0144000007011993,0.00909938316100972,0.00612818827823205,0.0300685413401991,0.0216104436823232,0,0.0588473269168834,0.0119481178653036,0.0140223786662679,0.0442940702314404,0.0300479030050277,0.000918780047021791
72,1.39551372971106,0.00286115289945901,0.00815798091271788,0.768297273522902,0.0350923240369385,0.0301811298110921,0.0131919351574452,0,0.00739017404026031,0.00272967417367343,1.70639115763334e-08,0.0120496020863058,0.0646297423144477,0.0144002279495604,0.00909938405741616,0.00613989090730275,0.0300685413402461,0.0216201865730017,0,0.059002430704491,0.0119482448122555,0.0140223742460182,0.0442970796738532,0.0300517919946272,0.000918806955220212
73,1.39598761706339,0.00286201538866136,0.00816493091846645,0.768302674937439,0.0350979248304364,0.0301856652238166,0.0131919351574634,0,0.00739608439833098,0.00273012765543421,1.70639281001623e-08,0.0120513824525699,0.0646520125091879,0.0144004487682614,0.00909938491764974,0.00615132395983207,0.030068541340286,0.0216296735974258,0,0.0591507446598376,0.0119483667328732,0.0140223699350834,0.0443000730600011,0.0300555336507039,0.000918832349715643
74,1.39644960873778,0.00286286215911723,0.00817177631017188,0.768307836473936,0.0351034818039062,0.0301900993010137,0.0131919351574839,0,0.00740195415242399,0.002730577895864,1.70639438250853e-08,0.0120531646151752,0.0646738510489388,0.0144006634666606,0.00909938574377132,0.00616249515719544,0.0300685413403192,0.0216389166073682,0,0.0592926266344245,0.0119484839115534,0.014022365728374,0.0443030527940917,0.0300591364121307,0.000918856338352246
75,1.39690018167543,0.00286369371256183,0.00817852237486057,0.768312772225901,0.035108999036924,0.0301944352011215,0.0131919351575068,0,0.00740778753301789,0.00273102503958267,1.70639588037292e-08,0.01205494955994,0.0646952664220854,0.0144008723336195,0.00909938653770061,0.00617341204460667,0.0300685413403459,0.021647927027649,0,0.059428416100266,0.011948596610885,0.0140223616209666,0.0443060212028765,0.0300626081426102,0.000918879019795547
76,1.39733979147924,0.00286451052884771,0.00818517418754074,0.768317495264763,0.0351144804819746,0.0301986760020505,0.0131919351575321,0,0.007413588651171,0.00273146921797736,1.70639730847176e-08,0.012056738253069,0.0647162669499569,0.0144010756393248,0.00909938730122662,0.0061840819933201,0.0300685413403667,0.0216567158638121,0,0.0595584348609794,0.0119487050737818,0.0140223576081009,0.0443089805357239,0.0300659561770206,0.000918900484422723
77,1.39776887370331,0.0028653130669619,0.00819173661747602,0.76832201772797,0.0351199299628751,0.0302028247034479,0.0131919351575596,0,0.00741936149530848,0.0027319105504714,1.70639867130135e-08,0.0120585316375664,0.0647368607960728,0.014401273636914,0.00909938803601808,0.00619451220260568,0.0300685413403811,0.0216652937106191,0,0.0596829877811893,0.0119488095253719,0.0140223536851776,0.0443119329646707,0.0300691873635331,0.00091892081511816
78,1.39818784151147,0.00286610176600644,0.00819821433411685,0.768326350898806,0.0351253511734638,0.0302068842285904,0.0131919351575895,0,0.00742510992834422,0.00273234914567548,1.70639997302287e-08,0.0120603306300542,0.0647570559741026,0.0144014665639275,0.00909938874363251,0.00620470970157332,0.0300685413403893,0.0216736707612075,0,0.0598023635248032,0.0119489101746765,0.0140223498477532,0.0443148805844584,0.0300723081018941,0.000918940087984988
79,1.39859709036498,0.00286687704614043,0.00820461181276686,0.76833050527777,0.0351307476765898,0.0302108574259707,0.0131919351576214,0,0.00743083768517453,0.00273278510243212,1.70640121749048e-08,0.0120621361179896,0.0647768603548048,0.0144016546436044,0.00909938942552455,0.00621468135091046,0.0300685413403923,0.0216818568167453,0,0.0599168352943054,0.0119490072161014,0.0140223460915385,0.0443178254126244,0.0300753243782593,0.000918958372982194
80,1.39899699668394,0.00286763930948609,0.0082109333400426,0.768334490647759,0.0351361229034186,0.0302147470706672,0.0131919351576557,0,0.00743654837057227,0.00273321851076258,1.70640240827673e-08,0.0120639489572704,0.0647962816719822,0.0144018380860455,0.00909939008305379,0.00622443384458286,0.0300685413403896,0.0216898612964797,0,0.0600266615645778,0.0119491008307654,0.0140223424123945,0.0443207693896189,0.0300782417969408,0.00091897573449571
81,1.399387920695,0.00286838894099694,0.0082171830191698,0.768338316132771,0.035141480153056,0.0302185558655435,0.013191935157692,0,0.00744224545749496,0.00273364945272579,1.70640354869566e-08,0.0120657699702048,0.0648153275276501,0.0144020170892576,0.00909939071749176,0.0062339737115371,0.0300685413403813,0.021697693248074,0,0.06013208680589,0.0119491911876865,0.014022338806328,0.0443237143790501,0.0300810656093475,0.000918992231850705
82,1.39977020722211,0.00286912630928978,0.0082233647751591,0.768341990250994,0.0351468225925048,0.0302222864423135,0.0131919351577304,0,0.00744793228581614,0.00273407800319621,1.70640464182378e-08,0.0120675999438387,0.0648340053964615,0.0144021918400908,0.00909939133002842,0.00624330731743509,0.030068541340368,0.0217053613581337,0,0.0602333421917876,0.0119492784448375,0.0140223352694895,0.0443266621679888,0.0300838007404033,0.00091900791977175
83,1.40014418249599,0.00286985176744253,0.00822948235988326,0.768345520963069,0.0351521532569419,0.0302259413625275,0.0131919351577709,0,0.00745361206147899,0.0027345042305691,1.70640569051918e-08,0.0120694396286099,0.0648523226295362,0.0144023625150832,0.0090993919217783,0.00625244086644318,0.0300685413403496,0.0217128739628521,0,0.0603306462884251,0.0119493627500913,0.0140223317981691,0.04432961446738,0.0300864518126847,0.000919022848796458
84,1.40051015940691,0.00287056565375362,0.00823553935707896,0.7683489157159,0.0351574750503075,0.030229523118494,0.0131919351578135,0,0.00745928785606246,0.00273492819739865,1.7064066974389e-08,0.0120712897373154,0.064870286457757,0.014402529281225,0.00909939249378595,0.00626138040309055,0.0300685413403262,0.0217202390587148,0,0.0604242057227625,0.0119494442420711,0.0140223283887926,0.0443325729125969,0.0300890231685004,0.000919037065647749
85,1.40086843662903,0.00287126829247049,0.00824153918728768,0.768352181482388,0.0351627907461961,0.0302330341341826,0.0131919351578581,0,0.00746496260675102,0.00273534996097592,1.70640766505481e-08,0.0120731509443633,0.0648879039945927,0.0144026922966465,0.00909939304703056,0.00627013181420852,0.0300685413402983,0.021727464313194,0,0.060514215827511,0.0119495230509055,0.0140223250379183,0.0443355390640681,0.030091518890104,0.000919050613569156
86,1.40121929951823,0.00287195999448188,0.00824748511274704,0.768355324797824,0.0351681029890452,0.0302364767661011,0.0131919351579048,0,0.00747063911668977,0.00273576957385196,1.70640859566808e-08,0.0120750238852937,0.0649051822385527,0.0144028517112424,0.00909939358243142,0.00627870083095679,0.0300685413402655,0.0217345570754091,0,0.0606008612615272,0.0119495992989132,0.0140223217422336,0.0443385144080561,0.0300939428182189,0.000919063532627196
87,1.4015630206733,0.00287264105797874,0.00825338024223528,0.768358351792664,0.0351734142955804,0.0302398533041884,0.0131919351579534,0,0.00747632005570787,0.00273618708431051,1.70640949142237e-08,0.0120769091565384,0.0649221280752885,0.0144030076672406,0.00909939410085146,0.00628709303093828,0.0300685413402283,0.0217415243866844,0,0.0606843166045807,0.0119496731012164,0.0140223184985515,0.0443415003575331,0.0300962985690315,0.000919075859984303
88,1.40189986058162,0.00287331176908266,0.00825922753587501,0.768361268222777,0.0351787270565282,0.0302431659727148,0.013191935158004,0,0.00748200796138548,0.00273660253679548,1.70641035431594e-08,0.0120788073154045,0.0649387482794352,0.0144031602997158,0.00909939460310153,0.00629531384040384,0.0300685413401865,0.0217483729909946,0,0.0607647469259683,0.0119497445662928,0.0140223153038069,0.0443444982531713,0.0300985895498006,0.000919087630145362
89,1.40223006851964,0.00287397240244383,0.0082650298098988,0.768364079496851,0.0351840435385546,0.0302464169312076,0.0131919351580566,0,0.00748770524044491,0.00273701597229752,1.70641118621268e-08,0.012080718880256,0.0649550495162077,0.0144033097370592,0.00909939508994392,0.00630336853654292,0.0300685413401408,0.0217551093452586,0,0.0608423083267674,0.0119498137964761,0.0140223121550537,0.0443475093644351,0.030100818973195,0.000919098875180767
90,1.402553882361,0.00287462322180917,0.00827078974136739,0.768366790701597,0.0351893658864234,0.0302496082754088,0.0131919351581112,0,0.00749341417044073,0.00273742742870254,1.70641198885227e-08,0.012082644330872,0.0649710383428123,0.014403456101409,0.00909939556209601,0.00631126224985773,0.0300685413400907,0.0217617396294652,0,0.0609171484557014,0.0119498808884061,0.014022309049461,0.044350534890786,0.0301029898704953,0.000919109624928252
91,1.40287152973248,0.00287526448056072,0.00827650987284948,0.768369406624545,0.0351946961253465,0.030252742038262,0.0131919351581676,0,0.00749913690172083,0.00273783694110662,1.70641276385944e-08,0.0120845841089645,0.0649867212096781,0.01440359950904,0.0090993960202332,0.0063189999666131,0.0300685413400367,0.0217682697565942,0,0.0609894069989496,0.0119499459334389,0.0140223059843103,0.0443535759629721,0.0301051051037382,0.000919119907175883
92,1.40318322851542,0.00287589642222833,0.00828219261704996,0.768371931775311,0.0352000361635101,0.0302558201909396,0.0131919351582261,0,0.0075048754596396,0.0027382445421,1.7064135127525e-08,0.0120865386188357,0.065002104461598,0.0144037400707246,0.00909939646499136,0.00632658653135827,0.0300685413399788,0.0217747053823399,0,0.0610592161443212,0.0119500090180168,0.0140223029569921,0.0443566336443983,0.0301071673769217,0.000919129747827992
93,1.40348918730729,0.00287651928097368,0.00828784026138765,0.768374370404812,0.0352053877947554,0.0302588446438971,0.0131919351582864,0,0.0075106317469944,0.00273865026202323,1.70641423695113e-08,0.0120885082281547,0.0650171943387197,0.0144038778920626,0.00909939689697015,0.00633402664951103,0.0300685413399171,0.0217810519146093,0,0.0611267010203917,0.0119500702240071,0.0140222999650018,0.0443597089325972,0.0301091792463338,0.000919139171055873
94,1.40378961014191,0.00287713328205079,0.00829345497251483,0.768376726523021,0.0352107527013946,0.0302618172479664,0.0131919351583485,0,0.00751640754666033,0.00273905412919751,1.7064149377836e-08,0.0120904932688386,0.0650319969775081,0.0144040130737848,0.00909939731673505,0.00634132488999847,0.0300685413398518,0.0217873145227861,0,0.0611919801113173,0.0119501296290089,0.0140222970059388,0.0443628027607365,0.0301111431300936,0.000919148199434717
95,1.40408468515299,0.00287773864224011,0.00829903880077677,0.768379003915136,0.0352161324571464,0.0302647397954858,0.0131919351584127,0,0.00752220452440357,0.00273945617013246,1.70641561649337e-08,0.0120924940380236,0.0650465184115951,0.0144041457120328,0.00909939772481984,0.00634848568794507,0.030068541339783,0.0217934981467587,0,0.0612551656481706,0.011950187306634,0.0140222940775015,0.0443659159992201,0.0301130613169658,0.00091915685406827
96,1.40437459447317,0.00287833557026152,0.00830459368460215,0.768381206156873,0.0352215285301657,0.0302676140214501,0.0131919351584785,0,0.00752802423184637,0.00273985640971283,1.70641627424514e-08,0.0120945107991075,0.0650607645726216,0.014404275898618,0.00909939812172855,0.00635551334740146,0.0300685413397107,0.0217996075056979,0,0.0613163639775897,0.0119502433267636,0.0140222911774849,0.0443690494573321,0.0301149359745088,0.000919165154702275
97,1.40465951378584,0.00287892426716398,0.00831012145482266,0.768383336627994,0.035226942286156,0.0302704416046963,0.0131919351585464,0,0.00753386810956248,0.00274025487136642,1.70641691213048e-08,0.0120965437828549,0.0650747412910443,0.0144044037212617,0.00909939850793736,0.00636241204410602,0.0300685413396352,0.0218056471065883,0,0.0613756759087261,0.0119502977557839,0.0140222883037776,0.0443722038849104,0.0301167691566254,0.000919173119827937
98,1.40493961156057,0.00287950492669419,0.0083156238389157,0.768385398525159,0.0352323749915531,0.0302732241691118,0.013191935158616,0,0.00753973749028421,0.00274065157721476,1.70641753117297e-08,0.0120985931885469,0.0650884542969045,0.0144045292638151,0.00909939888389667,0.00636918582827012,0.0300685413395564,0.0218116212525044,0,0.061433197039406,0.0119503506568006,0.0140222854543593,0.0443753799740835,0.0301185628105508,0.000919180766776351
99,1.40521504940866,0.0028800777356459,0.00832110246516442,0.768387394873711,0.0352378278167449,0.030275963284858,0.0131919351586874,0,0.00754563360219709,0.00274104654820854,1.70641813233298e-08,0.0121006591851703,0.0651019092206099,0.0144046526064676,0.00909939925003251,0.00637583862738211,0.0300685413394749,0.0218175340506336,0,0.0614890180624732,0.0119504020898415,0.0140222826272974,0.044378578361033,0.0301203187833377,0.000919188111804697
100,1.40548598242017,0.00288064287419022,0.00832655886673288,0.768389328538498,0.0352433018393375,0.0302786604696216,0.0131919351587607,0,0.00755155757230784,0.00274143980424881,1.70641871651203e-08,0.0121027419126325,0.0651151115937103,0.0144047738259385,0.00909939960674807,0.00638237424902135,0.0300685413393901,0.0218233894200473,0,0.0615432250532528,0.0119504521120352,0.0140222798207448,0.0443817996277556,0.0301220388278617,0.000919195170175123
101,1.40575255948243,0.00288120051618703,0.00833199448564921,0.768391202233984,0.0352487980474373,0.0302813171898633,0.0131919351588358,0,0.00755751042986228,0.00274183136429572,1.70641928455687e-08,0.0121048414829913,0.0651280668496712,0.0144048929956544,0.00909939995442538,0.00638879638367577,0.0300685413393023,0.0218291910992123,0,0.0615958997391647,0.0119505007777842,0.0140222770329367,0.0443850443038701,0.0301237246084102,0.000919201956226865
102,1.40601492357953,0.0028817508294811,0.00833741067669824,0.768393018533548,0.0352543173429386,0.0302839348620946,0.0131919351589126,0,0.00756349310980269,0.00274222124646562,1.70641983726321e-08,0.0121069579816955,0.0651407803246626,0.0144050101859197,0.00909940029342664,0.00639510860755769,0.0300685413392118,0.0218349426532606,0,0.061647119752378,0.01195054813892,0.0140222742621882,0.0443883128684153,0.0301253777058729,0.000919208483442402
103,1.40627321207567,0.00288229397618043,0.00834280871121348,0.76839477987806,0.0352598605448126,0.0302865148541458,0.0131919351589913,0,0.00756950645624343,0.00274260946811805,1.70642037537921e-08,0.0121090914688265,0.0651532572583669,0.0144051254640686,0.00909940062409498,0.00640131438541082,0.030068541339119,0.0218406474810064,0,0.061696958866401,0.0119505942448474,0.0140222715068915,0.0443916057516705,0.0301269996225628,0.000919214764508053
104,1.40652755698149,0.00288283011292037,0.00834818978077106,0.768396488583949,0.0352654283923761,0.0302890584864449,0.0131919351590716,0,0.00757555122595467,0.00274299604593339,1.70642089960865e-08,0.0121112419803316,0.0651655027948137,0.0144052388946155,0.00909940094675618,0.00640741707330431,0.0300685413390235,0.0218463088217126,0,0.0617454872176591,0.0119506391426822,0.0140222687655143,0.0443949233369391,0.0301285917867109,0.000919220811369637
105,1.40677808520747,0.00288335939111411,0.00835355500078292,0.76839814685069,0.0352710215485419,0.0302915670332909,0.0131919351591537,0,0.00758162809183855,0.00274338099598174,1.70642141061391e-08,0.0121134095292509,0.0651775219832028,0.0144053505393906,0.00909940126171954,0.0064134199214074,0.0300685413389254,0.0218519297616251,0,0.0617927715127559,0.0119506828773747,0.0140222660365952,0.0443982659623762,0.0301301555566508,0.000919226635283601
106,1.40702491879994,0.00288388195718777,0.00835890541398409,0.76839975676752,0.0352766406030271,0.0302940417241288,0.0131919351592374,0,0.00758773764638782,0.00274376433378492,1.70642190901872e-08,0.0121155941069238,0.0651893197787964,0.0144054604576696,0.00909940156927889,0.00641932607674232,0.030068541338825,0.0218575132402685,0,0.061838875222409,0.0119507254918271,0.0140222633187437,0.0444016339227347,0.0301316922247187,0.000919232246864052
107,1.40726817516653,0.00288439795280461,0.0083642419938144,0.768401320320208,0.0352822860755261,0.0302964837448139,0.013191935159323,0,0.00759388040511316,0.00274414607437105,1.70642239541074e-08,0.0121177956841762,0.0652009010437916,0.0144055687062945,0.00909940186971322,0.00642513858590798,0.0300685413387226,0.0218630620565027,0,0.0618838587627863,0.0119507670270034,0.0140222606106362,0.0444050274711762,0.0301332030208883,0.000919237656126041
108,1.40750796728675,0.00288490751507606,0.00836956564769546,0.768402839396771,0.0352879584188313,0.030298894238867,0.0131919351594102,0,0.00760005680993305,0.00274452623232299,1.70642287034385e-08,0.0121200142124835,0.0652122705482463,0.0144056753397896,0.0090994021632882,0.00643086039777483,0.0300685413386179,0.0218685788743632,0,0.0619277796650898,0.0119508075220316,0.0140222579110144,0.0444084468209872,0.0301346891161722,0.000919242872525455
109,1.4077444039127,0.00288541077676235,0.0083748772201993,0.768404315793111,0.0352936580218999,0.0303012743087212,0.0131919351594991,0,0.00760626723251395,0.00274490482182195,1.7064233343404e-08,0.0121222496251059,0.0652234329710162,0.0144057804104685,0.00909940245025643,0.00643649436614414,0.0300685413385112,0.0218740662286722,0,0.0619706927340778,0.0119508470142981,0.0140222552186827,0.0444118921473112,0.0301361516257985,0.000919247904995837
110,1.40797758975739,0.00288590786646142,0.00838017749611048,0.768405751218349,0.0352993852128565,0.0303036250169503,0.0131919351595896,0,0.00761251197755501,0.0027452818566852,1.70642378789323e-08,0.0121245018381944,0.0652343929007082,0.0144058839685363,0.00909940273085837,0.00644204325237039,0.0300685413384022,0.0218795265304366,0,0.0620126501962874,0.0119508855395389,0.0140222525325066,0.0444153635888346,0.030137591612174,0.000919252761982319
111,1.40820762567187,0.00288639890878876,0.00838546720338005,0.768407147299655,0.0353051402619295,0.0303059473874827,0.0131919351596818,0,0.00761879128600963,0.00274565735040001,1.70642423146756e-08,0.0121267707518605,0.0652451548366887,0.0144059860621854,0.00909940300532308,0.00644750972794408,0.0300685413382915,0.0218849620720409,0,0.0620537018385904,0.0119509231319231,0.0140222498514092,0.0444188612494754,0.030139010087664,0.000919257451473023
112,1.40843460881449,0.00288688402454747,0.00839074701597405,0.768408505586689,0.0353109233843227,0.0303082424068034,0.0131919351597756,0,0.00762510533823818,0.00274603131615338,1.70642466550273e-08,0.0121290562512187,0.0652557231900575,0.0144060867376884,0.00909940327386881,0.00645289637703242,0.0300685413381789,0.0218903750322268,0,0.0620938951377412,0.0119509598241324,0.0140222471743708,0.0444223851999792,0.0301404080171971,0.000919261981028114
113,1.40865863280976,0.00288736333088873,0.00839601755661618,0.768409827556042,0.0353167347430057,0.0303105110251246,0.013191935159871,0,0.00763145425708711,0.0027464037668582,1.70642509041387e-08,0.0121313582073847,0.0652661022847127,0.0144061860394829,0.00909940353670366,0.00645820569897579,0.0300685413380649,0.021895767480884,0,0.0621332753815488,0.0119509956474348,0.0140222445004254,0.0444259354795314,0.0301417863206999,0.000919266357806656
114,1.40887978789785,0.00288783694146551,0.00840127939942535,0.768411114615048,0.0353225744514264,0.0303127541575462,0.013191935159968,0,0.00763783811088864,0.00274677471517601,1.70642550659337e-08,0.0121336764784478,0.0652762963583693,0.0144062840102536,0.00909940379402639,0.0064634401107388,0.0300685413379491,0.0219011413836453,0,0.0621718857821878,0.0119510306317558,0.0140222418286602,0.0444295120973098,0.0301431458753883,0.000919270588591522
115,1.40909816107673,0.00288830496657639,0.00840653307244886,0.76841236810559,0.0353284425761555,0.0303149726851896,0.0131919351600665,0,0.00764425691637966,0.0027471441735375,1.70642591441234e-08,0.0121360109103959,0.065286309563648,0.0144063806910106,0.009099404046026,0.00646860194931422,0.0300685413378313,0.0219064986062949,0,0.0622097675822408,0.0119510648057429,0.0140222391582117,0.0444331150340088,0.0301444875179174,0.000919274679812489
116,1.40931383623782,0.00288876751330366,0.00841177906009714,0.768413589307762,0.035334339139434,0.0303171674563098,0.0131919351601667,0,0.00765071064153435,0.00274751215415967,1.7064263142219e-08,0.01213836133801,0.0652961459691392,0.0144064761211631,0.00909940429288382,0.0064736934740784,0.0300685413377125,0.0219118409190053,0,0.0622469601539381,0.0119510981968301,0.0140222364882658,0.0444367442432954,0.0301458120463955,0.000919278637567719
117,1.40952689429207,0.00288922468564344,0.00841701780547695,0.768414779442805,0.0353402641216522,0.0303193392873787,0.0131919351602683,0,0.00765719920831123,0.0027478786690614,1.70642670635441e-08,0.0121407275857192,0.0653058095605188,0.0144065703385892,0.00909940453477239,0.0064787168690984,0.0300685413375923,0.0219171700003888,0,0.0622835010921299,0.0119511308312964,0.014022233818055,0.0444403996532702,0.0301471202222872,0.000919282467643594
118,1.40973741329201,0.00288967658462918,0.0084222497126253,0.768415939676516,0.0353462174637382,0.0303214889641544,0.0131919351603713,0,0.00766372249531067,0.00274824373007669,1.70642709112465e-08,0.0121431094684177,0.0653153042416562,0.014406663379701,0.00909940477185717,0.00648367424538846,0.0300685413374707,0.0219224874413952,0,0.0623194263013317,0.0119511627343177,0.0140222311468563,0.044444081167841,0.030148412772195,0.000919286175533315
119,1.40994546854406,0.00289012330844957,0.00842747514865174,0.768417071122023,0.0353521990694576,0.0303236172427133,0.0131919351604759,0,0.00767028034034222,0.00274860734886597,1.70642746883081e-08,0.0121455067922463,0.0653246338357244,0.0144067552795111,0.00909940500429589,0.00648856764311615,0.0300685413373477,0.0219277947490398,0,0.0623547700774078,0.0119511939300267,0.0140222284739897,0.0444477886680739,0.0301496903895442,0.000919289766454114
120,1.41015113271876,0.00289056495256,0.00843269444578508,0.76841817484249,0.03535820880765,0.0303257248504651,0.013191935160582,0,0.00767687254290215,0.00274896953692626,1.70642783975557e-08,0.0121479193553359,0.0653338020863749,0.0144068460716901,0.00909940523223975,0.00649339903375919,0.0300685413372233,0.0219330933499809,0,0.0623895651841061,0.0119512244415555,0.0140222257988177,0.0444515220135165,0.0301509537361767,0.0009192932453633
121,1.41035447595372,0.00289100160978908,0.00843790790332924,0.768419251853643,0.0353642465143542,0.030327812487135,0.0131919351606895,0,0.0076834988665599,0.00274933030559949,1.70642820416696e-08,0.012150346948516,0.0653428126588377,0.014406935788625,0.00909940545583346,0.00649817032220958,0.0300685413370981,0.0219383845939469,0,0.0624238429250176,0.0119512542910877,0.0140222231207418,0.0444552810434424,0.0301522034438345,0.000919296616973243
122,1.41055556595024,0.00289143337043877,0.00844311578953391,0.768420303126357,0.0353703119948729,0.0303298808257291,0.0131919351607984,0,0.00769015904125446,0.00274968966607995,1.70642856231928e-08,0.0121527893559881,0.0653516691411064,0.0144070244614737,0.00909940567521522,0.00650288334882825,0.0300685413369715,0.0219436697570206,0,0.0624576332110564,0.0119512834999,0.014022220439202,0.0444590655780812,0.0301534401155794,0.000919299885765317
123,1.41075446806766,0.0028918603223819,0.00844831834337692,0.768421329588753,0.0353764050257476,0.0303319305134626,0.0131919351609087,0,0.00769685276550065,0.00275004762942026,1.70642891445386e-08,0.0121552463559642,0.065360375045088,0.0144071121202168,0.00909940589051787,0.0065075398914488,0.0300685413368441,0.0219489500447887,0,0.0624909646240317,0.0119513120884075,0.0140222177536749,0.0444628754197873,0.0301546643271311,0.000919303056002974
124,1.41095124541131,0.00289228255115177,0.0084535157762661,0.768422332128371,0.0353825253566497,0.0303339621726678,0.0131919351610204,0,0.00770357970850668,0.00275040420653666,1.70642926079988e-08,0.0121577177212725,0.0653689338077662,0.0144071987937079,0.00909940610186853,0.00651214166733003,0.0300685413367159,0.0219542265953521,0,0.0625238644763845,0.0119513400762013,0.0140222150636728,0.0444667103541859,0.0301558766281239,0.000919306131743865
125,1.41114595891683,0.00289270014003092,0.0084587082736604,0.768423311594347,0.0353886727121967,0.0303359764016782,0.0131919351611334,0,0.00771033951220368,0.00275075940821361,1.70642960157501e-08,0.0121602032199315,0.0653773487923768,0.0144072845097199,0.00909940630938892,0.00651669033505938,0.0300685413365868,0.0219595004822211,0,0.0625563588675043,0.0119513674820877,0.0140222123687413,0.0444705701512523,0.0301570775433061,0.000919309116851279
126,1.41133866743011,0.00289311317013259,0.00846389599661517,0.768424268799008,0.0353948467936931,0.0303379737756802,0.0131919351612477,0,0.00771713179319058,0.00275111324510718,1.70642993698612e-08,0.0121627026156892,0.0653856232895778,0.0144073692949903,0.0090994065131961,0.00652118749640587,0.0300685413364569,0.0219647727170779,0,0.0625884727368319,0.0119513943241246,0.0140222096684588,0.0444744545663641,0.0301582675736672,0.000919312015004806
127,1.41152942778532,0.00289352172048081,0.00846907908325116,0.768425204519993,0.035401047280789,0.0303399548475436,0.0131919351613635,0,0.00772395614459181,0.00275146572774829,1.70643026722988e-08,0.0121652156685377,0.0653937605186159,0.0144074531752651,0.009099406713402,0.00652563469812411,0.0300685413363258,0.0219700442524325,0,0.0626202299139526,0.0119514206196557,0.0140222069624346,0.0444783633413077,0.0301594471975153,0.000919314829710287
128,1.41171829487579,0.00289392586808524,0.0084742576501547,0.768426119501787,0.0354072738330673,0.0303419201486241,0.0131919351614804,0,0.00773081213783434,0.00275181686654508,1.70643059249336e-08,0.0121677421351938,0.0654017636285073,0.0144075361753394,0.00909940691011449,0.00653003343370971,0.0300685413361945,0.0219753159841619,0,0.0626516531659545,0.011951446385343,0.0140222042503078,0.0444822962052566,0.0301606168714883,0.000919317564309196
129,1.41190532172603,0.00289432568801313,0.0084794317937077,0.768427014457346,0.0354135260915605,0.0303438701895453,0.0131919351615987,0,0.00773769932434313,0.00275216667178506,1.70643091295453e-08,0.012170281769554,0.0654096356992038,0.0144076183190959,0.00909940710343676,0.0065343851451066,0.0300685413360621,0.0219805887539417,0,0.0626827642422191,0.0119514716371975,0.014022201531746,0.0444862528756782,0.0301617770315252,0.000919320221987409
130,1.41209055955639,0.00289472125345808,0.00848460159135165,0.768427890069591,0.0354198036801959,0.0303458054609493,0.013191935161718,0,0.00774461723715857,0.00275251515363661,1.70643122878282e-08,0.0121728343231214,0.0654173797427682,0.0144076996295431,0.00909940729346815,0.0065386912243672,0.030068541335929,0.0219858633515813,0,0.0627135839168318,0.0119514963906094,0.014022198806444,0.0444902330592388,0.0301629280937792,0.000919322805783415
131,1.41227405784942,0.00289511263580502,0.00848976710278938,0.768428746992924,0.0354261062071729,0.0303477264342274,0.0131919351618388,0,0.00775156539247663,0.00275286232215043,1.70643154013958e-08,0.0121753995454092,0.0654249987045285,0.0144077801288508,0.00909940748030414,0.00654295301526594,0.0300685413357959,0.0219911405172613,0,0.0627441320287757,0.0119515206603756,0.0140221960741228,0.0444942364526435,0.0301640704554884,0.000919325318596088
132,1.41245586440834,0.00289549990469353,0.00849492837112564,0.768429585854557,0.0354324332662728,0.0303496335622259,0.0131919351619605,0,0.0077585432911153,0.00275320818726039,1.7064318471785e-08,0.012177977184315,0.0654324954642521,0.0144078598383848,0.0090994076640363,0.00654717181486716,0.0300685413356616,0.021996420943672,0,0.0627744275201116,0.0119515444607263,0.0140221933345282,0.0444982627434544,0.0301652044958088,0.000919327763191946
133,1.41263602541785,0.00289588312807691,0.00850008542394858,0.768430407255645,0.0354387844381057,0.0303515272799308,0.0131919351620835,0,0.00776555041990921,0.00275355275878462,1.70643215004606e-08,0.0121805669864776,0.0654398728373,0.0144079387787384,0.00909940784475304,0.00655134887504809,0.0300685413355272,0.022001705278066,0,0.0628044884722073,0.0119515678053502,0.01402219058743,0.0445023116108579,0.0301663305765957,0.000919330142211935
134,1.41281458549861,0.00289626237227944,0.00850523827435919,0.768431211772791,0.0354451592912993,0.0303534080051226,0.0131919351622077,0,0.00777258625303521,0.0027538960464256,1.70643244888194e-08,0.0121831686976051,0.065447133575768,0.0144080169697651,0.00909940802253907,0.00655548540397773,0.0300685413353925,0.0220069941242315,0,0.062834332140236,0.0119515907074197,0.0140221878326206,0.0445063827264157,0.0301674490431603,0.000919332458177931
135,1.41299158776261,0.00289663770205144,0.00851038692194368,0.768431999959024,0.0354515573836185,0.0303552761390176,0.013191935162333,0,0.00777965025326998,0.00275423805977101,1.70643274381934e-08,0.0121857820627876,0.0654542803696421,0.014408094430607,0.00909940819747604,0.0065595825675526,0.0300685413352568,0.0220122880443759,0,0.0628639749860156,0.0119516131796114,0.0140221850699146,0.0445104757547613,0.030168560224984,0.000919334713498741
136,1.41316707386352,0.00289700918062103,0.00851553135369704,0.768432772344824,0.0354579782630443,0.0303571320668852,0.0131919351624593,0,0.00778674187318374,0.00275457880829403,1.70643303498537e-08,0.0121884068267842,0.0654613158479298,0.0144081711797241,0.00909940836964258,0.00656364149079023,0.0300685413351212,0.0220175875609373,0,0.0628934327093204,0.0119516352341307,0.0140221822991469,0.0445145903542828,0.0301696644363956,0.00091933691047584
137,1.41334108404816,0.00289737686974428,0.00852067154489926,0.768433529439303,0.0354644214687755,0.0303589761586381,0.0131919351625868,0,0.00779386055627148,0.00275491830135324,1.70643332250135e-08,0.0121910427342948,0.0654682425797816,0.0144082472349212,0.00909940853911459,0.00656766325918135,0.030068541334985,0.0220228931583182,0,0.062922720277734,0.0119516568827308,0.0140221795201722,0.044518726177758,0.0301707619772268,0.000919339051308704
138,1.41351365720253,0.00289774082975311,0.00852580745994377,0.768434271731155,0.0354708865321978,0.0303608087694076,0.0131919351627153,0,0.00780100573802383,0.00275525654819318,1.70643360648313e-08,0.0121936895302102,0.0654750630756224,0.0144083226133742,0.00909940870596463,0.00657164892000142,0.0300685413348486,0.022028205284554,0,0.0629518519552316,0.0119516781367316,0.0140221767328646,0.0445228828729562,0.0301718531334297,0.000919341138099918
139,1.41368483089905,0.00289810111960131,0.00853093905312253,0.768434999689458,0.0354773729777932,0.0303626302401,0.0131919351628449,0,0.0078081768469417,0.00275559355794416,1.7064338870414e-08,0.0121963469598492,0.0654817797882541,0.014408397331656,0.00909940887026316,0.00657559948358326,0.0300685413347119,0.022033524352907,0,0.0629808413294381,0.0119516990070419,0.0140221739371156,0.0445270600832311,0.0301729381776699,0.000919343172859955
140,1.41385464144029,0.00289845779690805,0.00853606626937059,0.768435713764884,0.0354838803239935,0.0303644408979285,0.0131919351629754,0,0.00781537330549442,0.00275592933962251,1.70643416428191e-08,0.0121990147691737,0.0654883951139538,0.0144084714057577,0.0090994090320779,0.0065795159245503,0.030068541334575,0.0220388507434017,0,0.0630097013377795,0.0119517195041734,0.014022171132834,0.0445312574480673,0.0301740173698894,0.000919345157511673
141,1.41402312390203,0.00289881091800049,0.00854118904496743,0.76843641439008,0.0354904080840023,0.0303662410569312,0.013191935163107,0,0.0078225945310249,0.00275626390213061,1.70643443830577e-08,0.0122016927049935,0.0654949113935632,0.0144085448511144,0.00909940919147402,0.00658339918301292,0.0300685413344379,0.0220441848042963,0,0.0630384442925072,0.0119517396382605,0.014022168319945,0.0445354746035925,0.0301750909578531,0.00091934709389458
142,1.41419031217452,0.00289916053795435,0.00854630730820499,0.768437101980855,0.0354969557665588,0.0303680310184653,0.0131919351632395,0,0.0078298399366048,0.00275659725425691,1.70643470920967e-08,0.0122043805151515,0.0655013309135692,0.0144086176826256,0.00909940934851475,0.00658725016572771,0.0300685413343007,0.0220495268534924,0,0.0630670819047224,0.0119517594190737,0.0140221654983896,0.0445397111830892,0.0301761591776588,0.000919348983768905
143,1.41435623900185,0.00289950671063164,0.00855142098001605,0.768437776936792,0.035503522876669,0.0303698110716901,0.0131919351633728,0,0.00783710893184213,0.00275692940467622,1.7064349770861e-08,0.0122070779487002,0.0655076559071688,0.014408689914676,0.00909940950326059,0.00659106974722099,0.0300685413341631,0.0220548771798935,0,0.0630956253074068,0.0119517788560386,0.0140221626681231,0.0445439668174435,0.0301772222542352,0.000919350828819358
144,1.41452093602002,0.0028998494887189,0.00855652997456865,0.768438439641862,0.0355101089162839,0.0303715814940287,0.0131919351635071,0,0.00784440092363894,0.00275726036194955,1.70643524202361e-08,0.0122097847560597,0.0655138885553265,0.0144087615611568,0.00909940965577035,0.0065948587708778,0.0300685413340253,0.0220602360447065,0,0.0631240850775618,0.0119517979582477,0.0140221598291148,0.0445482411356081,0.0301782804018115,0.00091935263065878
145,1.4146844337943,0.00290018892376253,0.0085616341998308,0.768439090465384,0.0355167133849525,0.0303733425516095,0.0131919351636424,0,0.0078517153169092,0.00275759013452449,1.70643550410694e-08,0.0122125006891674,0.0655200309878116,0.0144088326354818,0.00909940980610052,0.00659861804999676,0.0300685413338877,0.0220656036826935,0,0.0631524712575055,0.0119518167344754,0.0140221569813477,0.0445525337650115,0.0301793338243761,0.00091935439083153
146,1.4148467618554,0.00290052506620279,0.00856673355810093,0.768439729762345,0.0355233357804243,0.0303750944997062,0.0131919351637785,0,0.00785905151525014,0.00275791873073549,1.70643576341726e-08,0.0122152255016143,0.0655260852842267,0.0144089031506108,0.00909940995430572,0.00660234836881157,0.0300685413337501,0.0220709803033715,0,0.0631807933753259,0.0119518351931923,0.0140221541248172,0.0445568443319516,0.0301803827160967,0.000919356110816727
147,1.41500794873263,0.00290085796540742,0.00857182794650984,0.768440357874337,0.0355299755992248,0.0303768375831391,0.0131919351639155,0,0.00786640892157666,0.00275824615880375,1.70643602003234e-08,0.0122179589487703,0.0655320534750375,0.0144089731190624,0.00909941010043894,0.00660605048348128,0.0300685413336123,0.022076366092165,0,0.063209060464599,0.0119518533425761,0.0140221512595307,0.0445611724619837,0.0301814272617533,0.000919357792031303
148,1.4151680219883,0.00290118766970248,0.00857691725749644,0.768440975129869,0.0355366323371957,0.0303785720366834,0.0131919351640532,0,0.00787378693871431,0.00275857242683789,1.7064362740267e-08,0.0122207007878986,0.0655379375425591,0.0144090425529336,0.00909941024455099,0.00660972512304852,0.0300685413334742,0.0220817612115221,0,0.0632372810833687,0.0119518711905251,0.0140221483855068,0.0445655177802564,0.0301824676371165,0.000919359435832942
149,1.41532700824977,0.0029015142264032,0.00858200137925427,0.768441581845105,0.0355433054899954,0.0303802980854518,0.0131919351641918,0,0.00788118496995764,0.0027588975428342,1.7064365254718e-08,0.0122234507782635,0.0655437394219642,0.014409111463915,0.00909941038669131,0.00661337299036756,0.0300685413333364,0.0220871658019726,0,0.0632654633324399,0.0119518887446691,0.0140221455027751,0.0445698799118617,0.0301835040093414,0.00091936104352277
150,1.41548493324041,0.00290183768184359,0.0085870801961543,0.768442178324393,0.0355499945535796,0.0303820159452631,0.0131919351643312,0,0.00788860241959246,0.00275922151467694,1.70643677443617e-08,0.0122262086812223,0.0655494610022493,0.0144091798633064,0.00909941052690745,0.00661699476300299,0.0300685413331986,0.0220925799831556,0,0.0632936148730226,0.011951906012381,0.0140221426113752,0.0445742584821276,0.0301845365373257,0.000919362616348016
151,1.41564182180953,0.00290215808140375,0.00859215358914435,0.768442764860714,0.0355566990246425,0.0303837258230021,0.0131919351644714,0,0.00789603869338546,0.00275954435013898,1.70643702098554e-08,0.0122289742603178,0.0655551041272002,0.0144092477620317,0.00909941066524538,0.00662059109410016,0.0300685413330608,0.0220980038548058,0,0.0633217429437253,0.0119519230007868,0.0140221397113562,0.0445786531169388,0.0301855653720604,0.000919364155504466
152,1.41579769796199,0.00290247546953764,0.00859722143612544,0.76844334173609,0.0355634184010361,0.0303854279169597,0.0131919351646122,0,0.00790349319904072,0.00275986605688229,1.70643726518301e-08,0.0122317472813536,0.0655606705963471,0.0144093151706537,0.00909941080174981,0.00662416261322617,0.030068541332923,0.0221034374976962,0,0.0633498543769974,0.0119519397167763,0.0140221368027765,0.0445830634429884,0.0301865906569681,0.000919365662138809
153,1.41595258488623,0.00290278988979894,0.00860228361230437,0.768443909222282,0.035570152182161,0.030387122417171,0.0131919351647538,0,0.00791096534662856,0.00276018664245841,1.70643750708914e-08,0.012234527512469,0.0655661621658981,0.0144093820993861,0.00909941093646371,0.00662770992718633,0.0300685413327852,0.0221088809745526,0,0.0633779556149748,0.0119519561670107,0.0140221338857025,0.0445874890880483,0.0301876125282182,0.000919367137350896
154,1.41610650498109,0.00290310138486605,0.00860733999053011,0.768444467581002,0.0355768998693294,0.0303888095057255,0.0131919351648961,0,0.0079184545489828,0.00276050611430943,1.70643774676211e-08,0.0122373147242019,0.0655715805496564,0.0144094485581088,0.00909941106942886,0.00663123362081185,0.0300685413326477,0.0221143343309264,0,0.0634060527247614,0.0119519723579352,0.0140221309602094,0.0445919296812219,0.030188631115042,0.000919368582195817
155,1.41625947988351,0.00290340999656615,0.00861239044160718,0.768445017064473,0.0355836609661098,0.0303904893570816,0.0131919351650392,0,0.00792596022207314,0.00276082447976834,1.70643798425779e-08,0.0122401086895466,0.0655769274199423,0.0144095145563782,0.00909941120068566,0.00663473425772368,0.0300685413325105,0.0221197975960356,0,0.063434151413232,0.0119519882957835,0.0140221280263794,0.0445963848531501,0.0301896465400242,0.000919369997685945
156,1.4164115304921,0.00290371576589923,0.00861743483459255,0.768445557915684,0.0355904349786395,0.0303921621383619,0.0131919351651827,0,0.00793348178535076,0.00276114174606006,1.70643821962987e-08,0.0122429091840071,0.0655822044084754,0.0144095801034415,0.00909941133027299,0.00663821238107103,0.0300685413323733,0.022125270783574,0,0.0634622570413046,0.0119520039865912,0.0140221250843021,0.044600854236244,0.0301906589193858,0.000919371384792861
157,1.4165626769939,0.00290401873305961,0.00862247303707425,0.768446090368992,0.0355972214159261,0.0303938280096345,0.0131919351653271,0,0.00794101866206919,0.00276145792030224,1.70643845292997e-08,0.012245715985642,0.0655874131072569,0.0144096452082461,0.00909941145822884,0.00664166851424609,0.0300685413322358,0.0221307538924918,0,0.0634903746377301,0.0119520194361984,0.0140221221340735,0.0446053374648754,0.030191668363262,0.000919372744449135
158,1.41671293888736,0.00290431893745828,0.00862750491543466,0.76844661465027,0.0356040197901185,0.0303954871241931,0.0131919351654721,0,0.00794857027958239,0.00276177300950611,1.70643868420771e-08,0.0122485288751046,0.0655925550694373,0.0144097098794525,0.00909941158458988,0.00664510316157528,0.0300685413320986,0.0221362469077401,0,0.0635185089124373,0.0119520346502607,0.0140221191757958,0.0446098341755562,0.0301926749759537,0.000919374077550096
159,1.41686233500558,0.00290461641774314,0.00863253033509593,0.768447130977315,0.0356108296167657,0.0303971396288161,0.0131919351656175,0,0.00795613606961963,0.00276208702057743,1.70643891351085e-08,0.0122513476356787,0.065597631810175,0.0144097741254432,0.00909941170939147,0.00664851680898789,0.0300685413319616,0.0221417498009892,0,0.0635466642693938,0.0119520496342554,0.0140221162095776,0.044614344007127,0.0301936788561909,0.000919375384955451
160,1.41701088353874,0.00290491121181984,0.00863754916075414,0.768447639560378,0.0356176504150532,0.0303987856640259,0.0131919351657637,0,0.00796371546854201,0.00276239996031747,1.70643914088531e-08,0.012254172053309,0.0656026448074621,0.0144098379543343,0.00909941183266817,0.00665190992466334,0.0300685413318247,0.0221472625313277,0,0.0635748448190854,0.0119520643934889,0.0140221132355324,0.0446188666008995,0.0301946800973647,0.000919376667490884
161,1.41715860205642,0.00290520335687085,0.00864256125659439,0.768448140602088,0.0356244817080206,0.0304004253643338,0.0131919351659105,0,0.00797130791757491,0.00276271183542416,1.7064393663753e-08,0.012257001916626,0.0656075955029546,0.0144099013739847,0.00909941195445313,0.00665528295965653,0.0300685413316881,0.0221527850459176,0,0.0636030543905322,0.0119520789331017,0.0140221102537789,0.0446234016008114,0.0301956787877571,0.000919377925949496
162,1.41730550752782,0.00290549288937379,0.0086475664864973,0.76844863429812,0.0356313230227652,0.0304020588584707,0.0131919351660577,0,0.00797891286302699,0.00276302265249316,1.70643959002338e-08,0.0122598370169682,0.0656124853027843,0.014409964392006,0.00909941207477881,0.00665863634850335,0.0300685413315517,0.0221583172806429,0,0.0636312965429243,0.0119520932580777,0.0140221072644405,0.0446279486535783,0.0301966750107712,0.000919379161093294
163,1.41745161634295,0.00290577984512073,0.00865256471423033,0.768449120837324,0.0356381738906282,0.0304036862696271,0.0131919351662054,0,0.00798652975648598,0.00276333241801895,1.70643981187055e-08,0.0122626771484009,0.065617315578349,0.0144100270157703,0.00909941219367647,0.00666197050980551,0.0300685413314153,0.0221638591607148,0,0.0636595745768621,0.0119521073732475,0.0140221042676453,0.0446325074087906,0.0301976688451358,0.000919380373654484
164,1.41759694433238,0.00290606425923455,0.0086575558036279,0.768449600401967,0.0356450338473686,0.030405307715656,0.0131919351663537,0,0.00799415805500136,0.00276364113839601,1.70644003195628e-08,0.0122655221077294,0.0656220876670971,0.0144100892524197,0.00909941231117648,0.00666528584679669,0.0300685413312795,0.0221694106012703,0,0.0636878915452188,0.0119521212832953,0.014022101263525,0.0446370775190588,0.0301986603651171,0.000919381564336813
165,1.41774150678572,0.00290634616618637,0.00866253961875898,0.768450073168097,0.0356519024333169,0.030406923309297,0.0131919351665025,0,0.00800179722125037,0.00276394881992013,1.70644025031864e-08,0.0122683716945084,0.065626802873304,0.0144101511088756,0.00909941242730831,0.00666858274788968,0.0300685413311436,0.0221749715079372,0,0.0637162502636439,0.0119521349927639,0.0140220982522153,0.0446416586401051,0.0301996496407087,0.00091938273381675
166,1.41788531847026,0.00290662559981158,0.00866751602408582,0.768450539305721,0.0356587791935207,0.0304085331583757,0.0131919351666517,0,0.00800944672368699,0.00276425546878957,1.7064404669943e-08,0.0122712257110509,0.0656314624688025,0.0144102125918445,0.00909941254210076,0.00667186158720541,0.0300685413310079,0.0221805417773789,0,0.0637446533207024,0.0119521485060609,0.0140220952338553,0.0446462504308659,0.0302006367378238,0.000919383882744683
167,1.4180283936499,0.00290690259332621,0.00867248488461112,0.768450998979072,0.0356656636778746,0.030410137365996,0.0131919351668014,0,0.00801710603667961,0.00276456109110655,1.70644068201862e-08,0.0122740839624331,0.0656360676937534,0.0144102737078276,0.00909941265558129,0.00667512272508439,0.0300685413308727,0.0221861212978191,0,0.0637731030876702,0.0119521618274629,0.0140220922085873,0.0446508525535879,0.0302016217184767,0.000919385011746038
168,1.41817074610143,0.00290717717934153,0.00867744606601567,0.768451452346828,0.0356725554412416,0.030411736030734,0.0131919351669517,0,0.00802477464063238,0.00276486569287819,1.70644089542572e-08,0.0122769462564945,0.0656406197573447,0.0144103344631275,0.00909941276777692,0.0066783665085813,0.0300685413307377,0.0221917099495463,0,0.063801601728009,0.0119521749611201,0.0140220891765567,0.0446554646738928,0.030202604640955,0.000919386121422313
169,1.41831238913166,0.00290744938987922,0.00868239943478722,0.768451899562352,0.0356794540435563,0.0304133292468146,0.0131919351671023,0,0.00803245202209649,0.0027651692800184,1.70644110724849e-08,0.0122798124038378,0.0656451198385309,0.0144103948638545,0.00909941287871388,0.00668159327194297,0.0300685413306028,0.0221973076053975,0,0.0638301512064962,0.0119521879110628,0.0140220861379108,0.0446600864608749,0.0302035855599878,0.000919387212352172
170,1.41845333559422,0.00290771925638527,0.00868734485834001,0.768452340773936,0.0356863590499249,0.0304149171042897,0.0131919351672533,0,0.00804013767386675,0.00276547185834874,1.70644131751871e-08,0.0122826822178263,0.0656495690867088,0.0144104549159351,0.00909941298841763,0.00668480333707033,0.0300685413304682,0.0222029141312216,0,0.0638587532980649,0.0119522006812031,0.0140220830928001,0.0446647175871485,0.0302045645269041,0.000919388285092296
171,1.41859359790408,0.00290798680974443,0.00869228220512716,0.768452776124846,0.0356932700307103,0.0304164996892062,0.0131919351674047,0,0.0080478310950698,0.00276577343360027,1.70644152626702e-08,0.0122855555145765,0.0656539686224206,0.0144105146251172,0.00909941309691263,0.00668799701396519,0.0300685413303337,0.0222085293863261,0,0.0638874095963179,0.0119522132753407,0.014022080041377,0.0446693577289143,0.0302055415897899,0.00091938934017842
172,1.418733188055,0.00290825208029317,0.00869721134474325,0.76845320575372,0.0357001865616089,0.0304180770837659,0.0131919351675565,0,0.00805553179123844,0.0027660740114146,1.70644173352302e-08,0.012288432112953,0.0656583195380199,0.0144105739969763,0.00909941320422293,0.00669117460116156,0.0300685413301996,0.0222141532239078,0,0.0639161215217657,0.0119522256971677,0.0140220769837955,0.044674006566019,0.0302065167936346,0.000919390378126138
173,1.41887211763138,0.00290851509783265,0.00870213214802219,0.768453629794582,0.0357071082237172,0.0304196493664831,0.0131919351677087,0,0.00806323927437833,0.00276637359734562,1.70644193931531e-08,0.0122913118345565,0.0656626228983378,0.0144106330369235,0.00909941331037197,0.00669433638614298,0.0300685413300659,0.0222197854914573,0,0.0639448903297477,0.0119522379502704,0.0140220739202116,0.04467866378199,0.0302074901804711,0.000919391399431797
174,1.41901039782488,0.00290877589164131,0.00870704448712592,0.768454048377199,0.0357140346035908,0.0304212166123345,0.0131919351678612,0,0.00807095306302361,0.0027666721968607,1.70644214367151e-08,0.0122941945037145,0.0656668797413262,0.0144106917502084,0.0090994134153821,0.00669748264574564,0.0300685413299326,0.0222254260311618,0,0.0639737171181064,0.0119522500381342,0.0140220708507829,0.0446833290640908,0.0302084617895168,0.000919392404573268
175,1.41914803944747,0.00290903449048688,0.00871194823562648,0.768454461627061,0.0357209652932974,0.0304227788929042,0.0131919351680141,0,0.00807867268228544,0.00276696981534255,1.7064423466183e-08,0.0122970799474673,0.0656710910786884,0.0144107501419269,0.00909941351927545,0.00670061364654761,0.0300685413297994,0.0222310746802743,0,0.0640026028345818,0.0119522619641475,0.014022067775668,0.0446880021033443,0.0302094316572993,0.000919393394010726
176,1.41928505294483,0.00290929092263887,0.00871684326858391,0.768454869665636,0.0357278998904574,0.0304243362765234,0.0131919351681673,0,0.00808639766388949,0.00276726645809023,1.70644254818149e-08,0.0122999679955536,0.065675257896516,0.0144108082170264,0.00909941362207347,0.00670372964524558,0.0300685413296663,0.0222367312714833,0,0.0640315482839189,0.0119522737316051,0.0140220646950265,0.044692682594571,0.0302103998177856,0.000919394368187387
177,1.41942144840876,0.00290954521587876,0.00872172946261576,0.768455272610493,0.0357348379982799,0.0304258888284026,0.0131919351683208,0,0.00809412754620665,0.00276756213032096,1.70644274838603e-08,0.0123028584803956,0.0656793811558792,0.0144108659803096,0.00909941372379677,0.00670683088901822,0.0300685413295338,0.0222423956332576,0,0.0640605541347484,0.0119522853437104,0.0140220616090195,0.0446973702364137,0.0302113663025025,0.000919395327530204
178,1.41955723559091,0.00290979739751231,0.00872660669596155,0.768455670575508,0.0357417792255937,0.0304274366107615,0.0131919351684746,0,0.00810186187427887,0.00276785683717158,1.70644294725606e-08,0.0123057512370796,0.0656834617934429,0.014410923436441,0.00909941382446565,0.00670991761587735,0.0300685413294015,0.0222480675901753,0,0.064089620926203,0.0119522968035795,0.0140220585178084,0.0447020647313607,0.0302123311406494,0.000919396272450553
179,1.41969242391296,0.00291004749437919,0.0087314748485434,0.768456063671034,0.0357487231868678,0.030428979682955,0.0131919351686287,0,0.00810960019983272,0.0027681505837,1.70644314481491e-08,0.0123086461033408,0.0656875007220435,0.0144109805899508,0.00909941392409989,0.00671299005500753,0.0300685413292695,0.0222537469632521,0,0.0641187490743044,0.0119523081142436,0.0140220554215556,0.0447067657857528,0.0302132943592127,0.000919397203344836
180,1.41982702248143,0.00291029553286457,0.00873633380201868,0.768456452003782,0.0357556695022283,0.0304305181015902,0.0131919351687829,0,0.00811734208129035,0.0027684433748866,1.70644334108518e-08,0.0123115429195417,0.0656914988312611,0.0144110374452403,0.0090994140227184,0.00671604842709387,0.0300685413291376,0.0222594335702365,0,0.0641479388781094,0.0119523192786522,0.0140220523204233,0.0447114731098072,0.0302142559830726,0.000919398120595132
181,1.41996104009483,0.00291054153890849,0.00874118343983113,0.768456835677319,0.0357626177974719,0.030432051920644,0.0131919351689376,0,0.00812508708377379,0.00276873521563605,1.70644353608874e-08,0.0123144415286517,0.0656954569879824,0.0144110940065856,0.00909941412033999,0.00671909294463852,0.0300685413290064,0.0222651272259085,0,0.0641771905256224,0.011952330299677,0.0140220492145743,0.0447161864176274,0.0302152160351035,0.000919399024569771
182,1.42009448525871,0.0029107855380154,0.00874602364725528,0.768457214791944,0.0357695677040659,0.0304335811915701,0.0131919351690925,0,0.00813283477910136,0.00276902611077844,1.70644372984676e-08,0.0123173417762282,0.0656993760369581,0.0144111502781415,0.00909941421698273,0.0067221238122664,0.0300685413288752,0.022270827742359,0,0.0642065040994937,0.0119523411801117,0.014022046104172,0.0447209054271891,0.0302161745362724,0.000919399915623865
183,1.42022736619303,0.00291102755526422,0.00875085431143629,0.768457589444851,0.035776518859157,0.0304351059634137,0.0131919351692476,0,0.00814058474578179,0.00276931606507106,1.70644392237975e-08,0.0123202435103895,0.0657032568013236,0.0144112062639478,0.00909941431266408,0.00672514122702083,0.0300685413287445,0.0222765349292528,0,0.0642358795825128,0.011952351922678,0.0140220429893791,0.0447256298603754,0.0302171315057363,0.0009194007940999
184,1.42035969084465,0.00291126761531766,0.00875567532142763,0.768457959730299,0.0357834709055585,0.0304366262829027,0.0131919351694028,0,0.00814833656899896,0.00276960508319986,1.70644411370758e-08,0.0123231465817979,0.0657071000831516,0.0144112619679302,0.00909941440740159,0.00672814537864848,0.030068541328614,0.0222822485940894,0,0.0642653168628895,0.0119523625300248,0.0140220398703588,0.0447303594429401,0.0302180869609278,0.000919401660328186
185,1.42049146689605,0.0029115057424309,0.0087604865682225,0.768458325739692,0.0357904234917475,0.0304381421945558,0.0131919351695584,0,0.00815608984059686,0.00276989316978071,1.70644430384948e-08,0.0123260508436316,0.0657109066639459,0.0144113173939072,0.00909941450121168,0.00673113644987477,0.0300685413284836,0.0222879685424435,0,0.0642948157393066,0.0119523730047337,0.0140220367472736,0.0447350939045265,0.0302190409176457,0.000919402514627387
186,1.42062270177447,0.00291174196046,0.00876528794478435,0.768458687561709,0.035797376271851,0.0304396537407747,0.0131919351697141,0,0.00816384415905631,0.00277018032936128,1.70644449282414e-08,0.0123289561515618,0.0657146773051569,0.0144113725455909,0.00909941459411068,0.00673411461666991,0.0300685413283536,0.0222936945782036,0,0.0643243759258233,0.0119523833493181,0.0140220336202864,0.044739832978648,0.0302199933901372,0.000919403357304976
187,1.42075340266274,0.00291197629287147,0.00877007934607144,0.768459045282344,0.035804328905626,0.030441160961933,0.0131919351698699,0,0.00817159912946869,0.00277046656642214,1.70644468064962e-08,0.0123318623637294,0.0657184127486739,0.014411427426593,0.00909941468611451,0.00673708004850563,0.0300685413282245,0.022299426503787,0,0.0643539970565658,0.0119523935662279,0.0140220304895586,0.0447445764026939,0.0302209443911772,0.000919404188657682
188,1.42088357650656,0.00291220876274929,0.00877486066905882,0.768459398985019,0.0358112810584465,0.0304426638964709,0.0131919351700259,0,0.0081793543635065,0.00277075188537845,1.70644486734347e-08,0.0123347693407162,0.065722113717316,0.0144114820404265,0.00909941477723868,0.00674003290860298,0.0300685413280952,0.0223051641203594,0,0.0643836786902398,0.0119524036578507,0.014022027355252,0.0447493239178942,0.0302218939321462,0.000919405008971924
189,1.42101323002395,0.00291243939280337,0.00877963181275869,0.768459748750728,0.0358182324012726,0.0304441625809712,0.013191935170182,0,0.00818710947938893,0.0027710362905813,1.70644505292272e-08,0.0123376769455235,0.06572578091529,0.01441153639051,0.00909941486749819,0.00674297335417127,0.0300685413279664,0.0223109072280325,0,0.0644134203144412,0.0119524136265133,0.0140220242175273,0.044754075269324,0.0302228420231015,0.000919405818524215
190,1.42114236971326,0.00291266820537779,0.00878439267823498,0.768460094658091,0.0358251826106262,0.0304456570502504,0.0131919351703386,0,0.00819486410184516,0.00277131978631933,1.70644523740387e-08,0.012340585043543,0.0657294150286676,0.0144115904801705,0.00909941495690774,0.00674590153663975,0.0300685413278379,0.0223166556260641,0,0.0644432213498347,0.0119524234744841,0.0140220210765445,0.0447588302058766,0.0302237886728468,0.00091940661758155
191,1.42127100186179,0.00291289522245778,0.00878914316861919,0.768460436783423,0.035832131368564,0.0304471473374244,0.0131919351704949,0,0.00820261786207478,0.00277160237681993,1.70644542080294e-08,0.0123434935025293,0.0657330167258281,0.0144116443126466,0.00909941504548168,0.0067488176018795,0.0300685413277093,0.0223224091130319,0,0.064473081154164,0.0119524332039752,0.0140220179324631,0.0447635884802532,0.0302247338890065,0.000919407406401799
192,1.42139913255242,0.00291312046567735,0.00879388318911757,0.76846077520088,0.0358390783626417,0.030448633474001,0.0131919351706515,0,0.00821037039770271,0.00277188406625077,1.7064456031355e-08,0.0123464021925777,0.0657365866579095,0.0144116978910913,0.00909941513323397,0.00675172169041963,0.0300685413275813,0.0223281674870183,0,0.0645029990260367,0.0119524428171435,0.0140220147854415,0.0447683498489226,0.0302256776780825,0.000919408185234065
193,1.42152676767196,0.00291334395632636,0.00879861264702357,0.768461109982418,0.0358460232858812,0.0304501154899371,0.0131919351708082,0,0.00821812135273553,0.00277216485872122,1.70644578441664e-08,0.0123493109860918,0.0657401254592393,0.0144117512185745,0.00909941522017812,0.00675461393765382,0.0300685413274538,0.0223339305457723,0,0.0645329742086561,0.0119524523160941,0.0140220116356371,0.044773114072134,0.0302266200455169,0.000919408954318985
194,1.42165391291814,0.0029135657153576,0.00880333145172123,0.76846144119805,0.0358529658367296,0.0304515934137158,0.013191935170965,0,0.00822587037751203,0.00277244475828366,1.70644596466103e-08,0.0123522197577596,0.0657436337477462,0.0144118042980863,0.00909941530632745,0.00675749447404133,0.0300685413273268,0.0223396980868676,0,0.0645630058933145,0.0119524617028781,0.0140220084832062,0.0447778809138567,0.0302275609957598,0.000919409713889138
195,1.42178057380637,0.00291378576339348,0.00880803951469025,0.768461768915701,0.0358599057190276,0.0304530672724132,0.0131919351711219,0,0.00823361712865222,0.00277272376893495,1.70644614388294e-08,0.0123551283845251,0.0657471121253971,0.0144118571325408,0.00909941539169495,0.00676036342529982,0.0300685413271996,0.0223454699078551,0,0.0645930932227793,0.0119524709794998,0.0140220053283045,0.0447826501417724,0.0302285005323134,0.000919410464169304
196,1.42190675567745,0.00291400412073271,0.00881273674950648,0.768462093201449,0.0358668426419563,0.0304545370917609,0.0131919351712789,0,0.0082413612690056,0.00277300189461761,1.7064463220962e-08,0.01235803674556,0.0657505611785806,0.0144119097247748,0.00909941547629332,0.00676322091259205,0.0300685413270731,0.0223512458064049,0,0.06462323529455,0.0119524801479128,0.0140220021710859,0.0447874215272465,0.0302294386577956,0.000919411205376756
197,1.42203246370228,0.00291422080735702,0.00881742307184311,0.768462414119535,0.0358737763200058,0.0304560028962104,0.0131919351714359,0,0.00824910246759504,0.00277327913922139,1.70644649931429e-08,0.0123609447222366,0.0657539814785102,0.0144119620775554,0.00909941556013478,0.00676606705270556,0.0300685413269467,0.0223570255804437,0,0.0646534311639388,0.0119524892100256,0.0140219990117036,0.0447921948453001,0.0302303753739887,0.000919411937721624
198,1.42215770288984,0.00291443584293679,0.00882209839946855,0.76846273173235,0.0358807064729195,0.0304574647089934,0.0131919351715932,0,0.00825684039956144,0.00277355550658428,1.70644667555029e-08,0.0123638521981003,0.0657573735816186,0.0144120141935779,0.00909941564323145,0.00676890195822608,0.030068541326821,0.0223628090282785,0,0.0646836798470735,0.0119524981677005,0.0140219958503092,0.0447969698745766,0.0302313106818891,0.000919412661407083
199,1.42228247809232,0.00291464924683762,0.00882676265224131,0.768463046100712,0.0358876328256559,0.0304589225521728,0.0131919351717503,0,0.00826457474610456,0.00277383100049409,1.70644685081694e-08,0.0123667590588405,0.0657607380299206,0.0144120660754708,0.00909941572559497,0.00677172573770504,0.0300685413266954,0.0223685959487233,0,0.0647139803237104,0.0119525070227554,0.0140219926870533,0.0448017463973121,0.0302322445817591,0.000919413376629685
200,1.42240679401091,0.00291486103812631,0.00883141575210631,0.768463357283647,0.0358945551083338,0.0304603764467045,0.0131919351719076,0,0.00827230519442462,0.00277410562468955,1.70644702512661e-08,0.0123696651922644,0.0657640753513853,0.0144121177257973,0.00909941580723694,0.00677453849582062,0.0300685413265698,0.0223743861412135,0,0.0647443315399747,0.0119525157769664,0.0140219895220848,0.0448065241993111,0.0302331770731637,0.000919414083579574
300,1.43297449182894,0.00293023052456289,0.00923458557062092,0.768484350710967,0.0365377034352243,0.0305873455869707,0.0131919351869044,0,0.00899251996160145,0.00279768418427752,1.70646089809269e-08,0.0126443866451761,0.0660127561735659,0.0144163861514854,0.00909942155472271,0.00700964777585188,0.0300685413155123,0.0229425660145745,0,0.067834098996347,0.0119530713480188,0.0140216829263643,0.0452664382471382,0.0303183562466625,0.000919460486031077
400,1.44074185892903,0.00293917487897044,0.00952382437331194,0.768495515310965,0.0370491835108716,0.0306818315249779,0.0131919351991264,0,0.00956707602320103,0.00281510075907948,1.70647017692741e-08,0.012870068322519,0.0661718375145962,0.0144194290552283,0.00909942479197665,0.00717302394560585,0.0300685413067336,0.0234353892363697,0,0.0705566515702737,0.011953333566462,0.0140214274484544,0.0456519880423155,0.0303858708109574,0.000919484930968792
500,1.44654685569044,0.00294516270480892,0.00973234324217297,0.768502547546061,0.0374422416458438,0.0307516978561057,0.0131919352085781,0,0.0100092285706812,0.00282812784828338,1.70647671286306e-08,0.0130474921508217,0.0662815965262832,0.0144216936857042,0.00909942689262715,0.00728786774272646,0.0300685412996955,0.0238364140073559,0,0.0727420250928234,0.0119534882874998,0.0140212272727095,0.0459578281448224,0.0304380274913024,0.000919500348449718
600,1.45097415725189,0.00294954911891632,0.00988818182113012,0.768507379872233,0.0377466127858222,0.0308044336665489,0.0131919352158906,0,0.0103518097702477,0.00283801824639455,1.70648148526888e-08,0.0131867315204529,0.0663604026713993,0.0144234413889171,0.0090994283598917,0.00737157925928483,0.0300685412940325,0.024157668347362,0,0.0744670287099207,0.0119535914513161,0.0140210710927627,0.0461987689272041,0.0304785673581248,0.000919510931398042
700,1.45443335404836,0.00295297294493244,0.0100094168042053,0.768510886081316,0.037987342016293,0.0308454513504414,0.0131919352216624,0,0.0106228041810933,0.00284563725112985,1.70648507366487e-08,0.0132976375183492,0.0664195164301373,0.0144248346117711,0.00909942943260254,0.00743527120728536,0.0300685412894243,0.0244155638033557,0,0.0758362317117939,0.0119536655067264,0.0140209474647598,0.0463909081939606,0.0305105883529489,0.000919518589590285
800,1.45720766599732,0.00295576974478923,0.0101072992228839,0.768513529516442,0.0381827736371209,0.0308783856026215,0.0131919352263475,0,0.0108428120756002,0.00285159055864877,1.70648783906563e-08,0.0133879685446434,0.0664657827441971,0.0144259745567105,0.00909943024262527,0.00748574202070152,0.0300685412856105,0.0246250767297931,0,0.0769400796722746,0.0119537213169626,0.0140208473842568,0.0465473922352086,0.030536411505165,0.000919524343072326
900,1.45949097589233,0.00295812886908289,0.0101888671690646,0.768515582505985,0.0383456351733045,0.0309056274775082,0.0131919352302602,0,0.0110261564468577,0.00285630936351336,1.70649001663302e-08,0.0134633299440432,0.0665033762455391,0.0144269257793594,0.00909943087018425,0.00752717150553693,0.030068541282395,0.0247982314808252,0,0.077848182254994,0.011953764867833,0.0140207643511915,0.0466778763140316,0.0305577085089922,0.000919528794276308
1000,1.46141486409438,0.00296016337243005,0.0102585746693101,0.768517216264757,0.0384845209430292,0.0309287403012632,0.0131919352336095,0,0.0111825154451913,0.0028601038962321,1.70649176480772e-08,0.0135276000505237,0.0665348811029901,0.0144277311698789,0.00909943136713588,0.00756216825507908,0.0300685412796352,0.0249440537416275,0,0.0786111457198053,0.0119537997667513,0.0140206938686378,0.0467890929964096,0.0305756533695879,0.00091953232296028
